PUID;ISIN_CODE;BLOOMBERG_TICKER;TELEKURS_CODE;INSTRUMENT_NAME;CLASSIF_1_GRINFIN;CLASSIF_2_ASSETGROUP;CLASSIF_3_ASSET_PICTET_TYPE;CLASSIF_3_SFI_TYPE;ISSUER_CODE;ISSUER_NAME;INSTRUMENT_CCY;INTERNAL_MARKET_CODE;MIC_MARKET_CODE;MARKET_PLACE_NAME;COUNTRY_CODE;COUNTRY_NAME;ECONOMICAL_SECTOR_CODE;ECONOMICAL_SECTOR_NAME;GEOGRAPHICAL_SECTOR_CODE;GEOGRAPHICAL_SECTOR_NAME;MATURITY_DATE;TYPE_STRIKE;STRIKE_VALUE;CONTRACT_SIZE;CONVERSION_RATIO;RATING_SP;RATING_MOODYS;RATING_FITCH;IS_CDS_PROTECTION_BUYER;IS_CDS_PROTECTION_SELLER;YIELD_RATE;MATURITY_RATE;COUPON_RATE;COUPON_FREQUENCY;COUPON_AMOUNT;DURATION;MODIFIED_DURATION;NEXT_COUPON_DATE;SETTLEMENT_TYPE;IMPLIED_VOLATILITY;DELTA;GAMMA;VEGA;OPTION_TYPE;OPTION_STYLE;CALL_VALUE;PUT_VALUE;CALL_DATE;PUT_DATE;CREDIT_SPREAD;EQUITY_DELTA;CS01;DV01;SETTLEMENT_DELAY;SETTLEMENT_DATE;NAV_FREQUENCY;SEDOL_CODE;CUSIP;COTATION_PLACE_CODE;UNDERLYING_ISIN_CODE;UNDERLYING_INSTRUMENT_NAME;Reporting Period
05AIM008S2YEURLU;DE0006062144;1COV GY Equity;029178035000;COVESTRO;eeb;share;ord_sh;sfi_atyp_201;182970;COVESTRO;EUR;ETR;XETR;Xetra Francfort;DE;GERMANY;35;CHEMICALS;;;;;;;1;;;;;;;;;;;;;;;;;;;;;;;;;;;;;;;;BYTBWY9;;044;;;31/03/2021
05PIB021591EURLU;FR0000121485;KER FP Equity;000021591000;KERING;eer;share;ord_sh;sfi_atyp_202;1636;KERING;EUR;EPA;XPAR;Paris NYSE Euronext;FR;FRANCE;76;RETAIL TRADE & DEPARTEMENT STORES;;;;;;1;1;;;;;;;;;;;;;;;;;;;;;;;;;;;;;;;;5505072;;025;;;31/03/2021
05AIM001N7VUSDLU;US92826C8394;V UN Equity;003826452000;VISA 'A';eer;share;ord_sh;sfi_atyp_202;991711;VISA INC;USD;FWTAT;;;US;U.S.A.;96;MISCELLANEOUS SERVICES;;;;;;1;1;;;;;;;;;;;;;;;;;;;;;;;;;;;;;;;;B2PZN04;;065;;;31/03/2021
05AIM005OI4USDLU;US30303M1027;FB UQ Equity;014917609000;FACEBOOK 'A';eer;share;ord_sh;sfi_atyp_202;173483;FACEBOOK;USD;SWX;XSWX;SIX Swiss Exchange;US;U.S.A.;44;INTERNET, SOFTWARE & IT SERVICES;;;;;;1;1;;;;;;;;;;;;;;;;;;;;;;;;;;;;;;;;BSJC7H8;;067;;;31/03/2021
05AIM007WLDUSDLU;US01609W1027;BABA UN Equity;024409862000;ALIBABA GROUP HOLDING -ADR SPONS.-;eer;share;ord_sh;sfi_atyp_202;179296;ALIBABA GROUP HOLDING;USD;NYX;XNYS;NYSE Euronext, New York;KY;CAYMAN ISLANDS;96;MISCELLANEOUS SERVICES;;;;;;1;1;;;;;;;;;;;;;;;;;;;;;;;;;;;;;;;;BP41ZD1;;065;KYG017191142;ALIBABA GROUP HOLDING;31/03/2021
05AIM008RQRUSDLU;US02079K3059;GOOGL UQ Equity;029798540000;ALPHABET 'A';eer;share;ord_sh;sfi_atyp_202;182972;ALPHABET;USD;FRA;XFRA;Frankfurter Wertpapierborse;US;U.S.A.;44;INTERNET, SOFTWARE & IT SERVICES;;;;;;1;1;;;;;;;;;;;;;;;;;;;;;;;;;;;;;;;;BYVY8G0;;067;;;31/03/2021
05PIB524773EURLU;FR0000120271;FP FP Equity;000524773000;TOTAL;eer;share;ord_sh;sfi_atyp_202;3547;TOTAL SA;EUR;FWTAT;;;FR;FRANCE;34;PETROLEUM;;;;;;1;1;;;;;;;;;;;;;;;;;;;;;;;;;;;;;;;;B15CVJ3;;025;;;31/03/2021
05PIBA26758NOKLU;NO0010031479;DNB NO Equity;001026758000;DNB;eer;share;ord_sh;sfi_atyp_202;3082;DNB ASA;NOK;OSL;XOSL;Oslo Stock Exchange;NO;NORWAY;81;BANK & OTHER CREDIT INSTITUTIONS;;;;;;;1;;;;;;;;;;;;;;;;;;;;;;;;;;;;;;;;4263304;;048;;;31/03/2021
05PIBE37573USDLU;US83088M1027;SWKS UQ Equity;001437573000;SKYWORKS SOLUTIONS;eer;share;ord_sh;sfi_atyp_202;5217;SKYWORKS SOLUTIONS;USD;FWTAT;;;US;U.S.A.;42;ELECTRONICS & SEMICONDUCTORS;;;;;;;1;;;;;;;;;;;;;;;;;;;;;;;;;;;;;;;;2961053;;067;;;31/03/2021
05AIM008RQSUSDLU;US02079K1079;GOOG UQ Equity;029798545000;ALPHABET 'C' -NON VOTING-;eer;share;ord_sh;sfi_atyp_202;182972;ALPHABET;USD;FRA;XFRA;Frankfurter Wertpapierborse;US;U.S.A.;44;INTERNET, SOFTWARE & IT SERVICES;;;;;;1;1;;;;;;;;;;;;;;;;;;;;;;;;;;;;;;;;BYVY8F9;;067;;;31/03/2021
05PIB983327USDLU;US92532F1003;VRTX UQ Equity;000983327000;VERTEX PHARMACEUTICALS;eer;share;ord_sh;sfi_atyp_202;11214;VERTEX PHARMACEUTIC;USD;FWTAT;;;US;U.S.A.;37;BIOTECHNOLOGY;;;;;;;1;;;;;;;;;;;;;;;;;;;;;;;;;;;;;;;;BSJC9K5;;067;;;31/03/2021
05AIM004RB6USDLU;US8485771021;SAVE UN Equity;013028935000;SPIRIT AIRLINES;eer;share;ord_sh;sfi_atyp_202;171139;SPIRIT AIRLINES INC;USD;FWTAT;;;US;U.S.A.;89;TRAFFIC & TRANSPORTATION;;;;;;1;1;;;;;;;;;;;;;;;;;;;;;;;;;;;;;;;;B3ZG8F4;;065;;;31/03/2021
05PIB982101USDLU;US9139031002;UHS UN Equity;000982101000;UNIVERSAL HEALTH SERVICES 'B';eer;share;ord_sh;sfi_atyp_202;999717;UNIVERSAL HEALTH SERVICES;USD;FWTAT;;;US;U.S.A.;88;HEALTHCARE & SOCIAL SERVICES;;;;;;;1;;;;;;;;;;;;;;;;;;;;;;;;;;;;;;;;2923785;;065;;;31/03/2021
05AIM008KABUSDLU;US61174X1090;MNST UQ Equity;028524330000;MONSTER BEVERAGE;eer;share;ord_sh;sfi_atyp_202;181945;MONSTER BEVERAGE;USD;P00123;;;US;U.S.A.;84;HOLDING & FINANCIAL TRUST;;;;;;1;1;;;;;;;;;;;;;;;;;;;;;;;;;;;;;;;;BZ07BW4;;067;;;31/03/2021
05PIB072015USDLU;US0200021014;ALL UN Equity;000072015000;ALLSTATE;eer;share;ord_sh;sfi_atyp_202;3516;ALLSTATE;USD;FWTAT;;;US;U.S.A.;86;INSURANCE;;;;;;;1;;;;;;;;;;;;;;;;;;;;;;;;;;;;;;;;2019952;;065;;;31/03/2021
05PIB293557EURLU;FR0000131906;RNO FP Equity;000293557000;RENAULT;eer;share;ord_sh;sfi_atyp_202;8536;RENAULT SA;EUR;EPA;XPAR;Paris NYSE Euronext;FR;FRANCE;50;VEHICLES;;;;;;;1;;;;;;;;;;;;;;;;;;;;;;;;;;;;;;;;4712798;;025;;;31/03/2021
05PIB566162USDLU;US74834L1008;DGX UN Equity;000566162000;QUEST DIAGNOSTICS;eer;share;ord_sh;sfi_atyp_202;9731;QUEST DIAGNOSTICS;USD;FWTAT;;;US;U.S.A.;66;PHARMACEUTICALS AND COSMETICS;;;;;;1;1;;;;;;;;;;;;;;;;;;;;;;;;;;;;;;;;2702791;;065;;;31/03/2021
05PIB812970EURLU;BE0003764785;ACKB BB Equity;000812970000;ACKERMANS & VAN HAAREN;eer;share;ord_sh;sfi_atyp_202;7993;ACKERMANS & V HAAREN NV;EUR;EPA;XPAR;Paris NYSE Euronext;BE;BELGIUM;84;HOLDING & FINANCIAL TRUST;;;;;;1;1;;;;;;;;;;;;;;;;;;;;;;;;;;;;;;;;5715774;;006;;;31/03/2021
05PIB832556GBPLU;GB0001859296;VTY LN Equity;000832556000;VISTRY GROUP;eer;share;ord_sh;sfi_atyp_202;12933;VISTRY GROUP PLC;GBP;FWTAT;;;GB;UNITED KINGDOM;29;BUILDING MATERIALS & BUILDING INDUSTRY;;;;;;;1;;;;;;;;;;;;;;;;;;;;;;;;;;;;;;;;0185929;;361;;;31/03/2021
05PIBD81837USDLU;US4771431016;JBLU UQ Equity;001381837000;JETBLUE AIRWAYS;eer;share;ord_sh;sfi_atyp_202;975507;JETBLUE AIRWAYS CORP;USD;NYX;XNYS;NYSE Euronext, New York;US;U.S.A.;89;TRAFFIC & TRANSPORTATION;;;;;;1;1;;;;;;;;;;;;;;;;;;;;;;;;;;;;;;;;2852760;;067;;;31/03/2021
05PIBD85033USDLU;US78442P1066;SLM UQ Equity;001385033000;SLM;eer;share;ord_sh;sfi_atyp_202;179569;SLM;USD;ASE;XASE;NYSE MKT, New York;US;U.S.A.;84;HOLDING & FINANCIAL TRUST;;;;;;1;1;;;;;;;;;;;;;;;;;;;;;;;;;;;;;;;;2101967;;067;;;31/03/2021
05AIM009AKUEURLU;NL0011872643;ASRNL NA Equity;032745332000;ASR NEDERLAND;eer;share;ord_sh;sfi_atyp_202;176113;ASR NEDERLAND;EUR;EAM;XAMS;Amsterdam NYSE Euronext;NL;NETHERLANDS;86;INSURANCE;;;;;;;1;;;;;;;;;;;;;;;;;;;;;;;;;;;;;;;;BD9PNF2;;038;;;31/03/2021
05PIB123397EURLU;FR0000131104;BNP FP Equity;000123397000;BNP PARIBAS 'A';eer;share;ord_sh;sfi_atyp_202;3793;BNP PARIBAS SA;EUR;FWTAT;;;FR;FRANCE;81;BANK & OTHER CREDIT INSTITUTIONS;;;;;;1;1;;;;;;;;;;;;;;;;;;;;;;;;;;;;;;;;BH7KCX8;;025;;;31/03/2021
05AIM00614TUSDLU;US6092071058;MDLZ UQ Equity;019549948000;MONDELEZ INTERNATIONAL 'A';eer;share;ord_sh;sfi_atyp_202;4636;MONDELEZ INTERNATIONAL INC;USD;NYX;XNYS;NYSE Euronext, New York;US;U.S.A.;61;FOOD & NO ALCOHOLIC BEVERAGE;;;;;;1;1;;;;;;;;;;;;;;;;;;;;;;;;;;;;;;;;B8CKK03;;067;;;31/03/2021
05AIM007SNCUSDLU;US87165B1035;SYF UN Equity;023967617000;SYNCHRONY FINANCIAL;eer;share;ord_sh;sfi_atyp_202;179526;SYNCHRONY FINANCIAL;USD;NYX;XNYS;NYSE Euronext, New York;US;U.S.A.;84;HOLDING & FINANCIAL TRUST;;;;;;;1;;;;;;;;;;;;;;;;;;;;;;;;;;;;;;;;BP96PS6;;065;;;31/03/2021
05AIM0088WWUSDLU;IE00BTN1Y115;MDT UN Equity;025187155000;MEDTRONIC;eer;share;ord_sh;sfi_atyp_202;180124;MEDTRONIC PLC (IRELAND);USD;SHA;XSHG;Shanghai Stock Exchange;IE;IRELAND;66;PHARMACEUTICALS AND COSMETICS;;;;;;1;1;;;;;;;;;;;;;;;;;;;;;;;;;;;;;;;;BV9FX14;;065;;;31/03/2021
05PIB979428USDLU;US9024941034;TSN UN Equity;000979428000;TYSON FOODS 'A';eer;share;ord_sh;sfi_atyp_202;14115;TYSON FOODS;USD;FWTAT;;;US;U.S.A.;61;FOOD & NO ALCOHOLIC BEVERAGE;;;;;;;1;;;;;;;;;;;;;;;;;;;;;;;;;;;;;;;;2909730;;065;;;31/03/2021
05AIM009D34EURLU;NL0011794037;AD NA Equity;033273088000;KONINKLIJKE AHOLD DELHAIZE;eer;share;ord_sh;sfi_atyp_202;9315;KONINKLIJKE AHOLD DELHAIZE NV;EUR;RMC-P;;;NL;NETHERLANDS;76;RETAIL TRADE & DEPARTEMENT STORES;;;;;;;1;;;;;;;;;;;;;;;;;;;;;;;;;;;;;;;;BD0Q398;;038;;;31/03/2021
05PIB943981USDLU;US4781601046;JNJ UN Equity;000943981000;JOHNSON & JOHNSON;eer;share;ord_sh;sfi_atyp_202;13916;JOHNSON & JOHNSON;USD;FRA;XFRA;Frankfurter Wertpapierborse;US;U.S.A.;66;PHARMACEUTICALS AND COSMETICS;;;;;;;1;;;;;;;;;;;;;;;;;;;;;;;;;;;;;;;;2475833;;065;;;31/03/2021
05PIB941595USDLU;US4581401001;INTC UQ Equity;000941595000;INTEL;eer;share;ord_sh;sfi_atyp_202;13904;INTEL;USD;B99997;;;US;U.S.A.;42;ELECTRONICS & SEMICONDUCTORS;;;;;;1;1;;;;;;;;;;;;;;;;;;;;;;;;;;;;;;;;B109296;;067;;;31/03/2021
05PIBS21615USDLU;US1717793095;CIEN UN Equity;002721615000;CIENA;eer;share;ord_sh;sfi_atyp_202;9899;CIENA;USD;NYX;XNYS;NYSE Euronext, New York;US;U.S.A.;94;TELECOMMUNICATION;;;;;;;1;;;;;;;;;;;;;;;;;;;;;;;;;;;;;;;;B1FLZ21;;065;;;31/03/2021
05PIBR32042GBPLU;GB00B1722W11;JET2 LN Equity;002632042000;JET2;eer;share;ord_sh;sfi_atyp_202;194759;JET2 PLC;GBP;LON;XLON;London Stock Exchange (LSE);GB;UNITED KINGDOM;89;TRAFFIC & TRANSPORTATION;;;;;;;1;;;;;;;;;;;;;;;;;;;;;;;;;;;;;;;;B1722W1;;361;;;31/03/2021
05PIBD13733USDLU;US15135B1017;CNC UN Equity;001313733000;CENTENE;eer;share;ord_sh;sfi_atyp_202;980069;CENTENE CORP;USD;FWTAT;;;US;U.S.A.;88;HEALTHCARE & SOCIAL SERVICES;;;;;;;1;;;;;;;;;;;;;;;;;;;;;;;;;;;;;;;;2807061;;065;;;31/03/2021
05PIB722288KRWLU;KR7005931001;005935 KP Equity;000722288000;SAMSUNG ELECTRONICS PFD -NVTG-;eer;share;ord_sh;sfi_atyp_205;11435;SAMSUNG ELECTRONICS;KRW;SEO;XKRX;Korea Exchange, Stock Market;KR;SOUTH KOREA;42;ELECTRONICS & SEMICONDUCTORS;;;;;;1;1;;;;;;;;;;;;;;;;;;;;;;;;;;;;;;;;6773812;;123;;;31/03/2021
05NEX0007I3;KYG017191142;9988 HK Equity;051116731000;ALIBABA GROUP HOLDING;eer;share;ord_sh;sfi_atyp_202;179296;ALIBABA GROUP HOLDING;HKD;HKG;XHKG;Hong Kong Exchanges & Clearing Ltd;KY;CAYMAN ISLANDS;96;MISCELLANEOUS SERVICES;;;;;0;1;1;;;;;;;;;;;;;;;;;;;;;;;;;;;;;;;;BK6YZP5;;104;;;31/03/2021
05PIBH14873HKDLU;CNE1000003X6;2318 HK Equity;001714873000;PING AN INSURANCE 'H';eer;share;ord_sh;sfi_atyp_202;977865;PING AN INSURANCE GROUP CO OF CHINA;HKD;OTN;OOTC;US Other OTC Market;CN;CHINA;86;INSURANCE;;;;;;1;1;;;;;;;;;;;;;;;;;;;;;;;;;;;;;;;;B03NP99;;104;;;31/03/2021
05AIM00AF7MEURLU;DE000A161408;HFG GF Equity;038694957000;HELLOFRESH;eeb;share;ord_sh;sfi_atyp_201;191367;HELLOFRESH;EUR;FRA;XFRA;Frankfurter Wertpapierborse;DE;GERMANY;61;FOOD & NO ALCOHOLIC BEVERAGE;;;;;;1;1;;;;;;;;;;;;;;;;;;;;;;;;;;;;;;;;BYWH8S0;;044;;;31/03/2021
05AIM005BWRNOKLU;NO0010631567;SRBANK NO Equity;014619731000;SPAREBANK 1 SR-BANK;eer;share;ord_sh;sfi_atyp_202;992053;SPAREBANK 1 SR BANK;NOK;OSL;XOSL;Oslo Stock Exchange;NO;NORWAY;81;BANK & OTHER CREDIT INSTITUTIONS;;;;;;;1;;;;;;;;;;;;;;;;;;;;;;;;;;;;;;;;B40JTQ3;;048;;;31/03/2021
05AIM006JDPNOKLU;NO0010331838;NRS NO Equity;012708892000;NORWAY ROYAL SALMON;eer;share;ord_sh;sfi_atyp_202;176493;NOR ROY SALMON;NOK;OSL;XOSL;Oslo Stock Exchange;NO;NORWAY;61;FOOD & NO ALCOHOLIC BEVERAGE;;;;;;;1;;;;;;;;;;;;;;;;;;;;;;;;;;;;;;;;B4PTP48;;048;;;31/03/2021
05AIM006VOZHKDLU;KYG2157Q1029;2128 HK Equity;021907721000;CHINA LESSO GROUP HLDGS;eer;share;ord_sh;sfi_atyp_202;172320;CHINA LESSO GROUP HOLDINGS LTD;HKD;P00123;;;KY;CAYMAN ISLANDS;48;MACHINERY & APPARELS;;;;;;;1;;;;;;;;;;;;;;;;;;;;;;;;;;;;;;;;BCDBKF8;;104;;;31/03/2021
05AIM007G12GBPLU;JE00BG6L7297;BOO LN Equity;023867514000;BOOHOO GROUP;eer;share;ord_sh;sfi_atyp_202;188247;BOOHOO GROUP PLC;GBP;DIV;;;JE;JERSEY;44;INTERNET, SOFTWARE & IT SERVICES;;;;;;;1;;;;;;;;;;;;;;;;;;;;;;;;;;;;;;;;BG6L729;;361;;;31/03/2021
05AIM007H6EUSDLU;US8962881079;TNET UN Equity;001075234000;TRINET GROUP;eer;share;ord_sh;sfi_atyp_202;189338;TRINET GROUP;USD;RMC-P;;;US;U.S.A.;44;INTERNET, SOFTWARE & IT SERVICES;;;;;;;1;;;;;;;;;;;;;;;;;;;;;;;;;;;;;;;;2693914;;065;;;31/03/2021
05AIM007JEG;ZZ00AAAAN0 0;WB UQ Equity;023987272000;WEIBO 'A';eer;share;ord_sh;sfi_atyp_202;185578;WEIBO;USD;NMS;XNAS;Nasdaq USA;KY;CAYMAN ISLANDS;44;INTERNET, SOFTWARE & IT SERVICES;;;;;0;;1;;;;;;;;;;;;;;;;;;;;;;;;;;;;;;;;BZ6C8R7;;067;;;31/03/2021
05AIM007Q9RTWDLU;TW0008436007;8436 TT Equity;014928629000;TCI;eer;share;ord_sh;sfi_atyp_202;194951;TCI CO;TWD;RMC-P;;;TW;TAIWAN;61;FOOD & NO ALCOHOLIC BEVERAGE;;;;;;1;1;;;;;;;;;;;;;;;;;;;;;;;;;;;;;;;;B6X51B1;;103;;;31/03/2021
05AIM007QKLUSDLU;US6292093050;NMIH UQ Equity;022566774000;NMI HOLDINGS -A-;eer;share;ord_sh;sfi_atyp_202;190796;NMI HLDGS;USD;F01346;;;US;U.S.A.;84;HOLDING & FINANCIAL TRUST;;;;;;1;1;;;;;;;;;;;;;;;;;;;;;;;;;;;;;;;;BGDW5G5;;067;;;31/03/2021
05AIM0083W8USDLU;US0367521038;ANTM UN Equity;026124340000;ANTHEM;eer;share;ord_sh;sfi_atyp_202;5083;ANTHEM;USD;RMC-P;;;US;U.S.A.;88;HEALTHCARE & SOCIAL SERVICES;;;;;;1;1;;;;;;;;;;;;;;;;;;;;;;;;;;;;;;;;BSPHGL4;;065;;;31/03/2021
05AIM008I6AUSDLU;US06684L1035;BZUN UQ Equity;027969490000;BAOZUN 'A' -ADR SPONS.-;eer;share;ord_sh;sfi_atyp_202;188477;BAOZUN;USD;NMS;XNAS;Nasdaq USA;KY;CAYMAN ISLANDS;44;INTERNET, SOFTWARE & IT SERVICES;;;;;;;1;;;;;;;;;;;;;;;;;;;;;;;;;;;;;;;;BY2ZJ69;;067;;;31/03/2021
05AIM009M0RUSDLU;US44109J1060;TWNK UQ Equity;034531968000;HOSTESS BRANDS 'A';eer;share;ord_sh;sfi_atyp_202;196677;HOSTESS BRANDS INC;USD;RMC-P;;;US;U.S.A.;61;FOOD & NO ALCOHOLIC BEVERAGE;;;;;;;1;;;;;;;;;;;;;;;;;;;;;;;;;;;;;;;;BZ8VJD5;;067;;;31/03/2021
05AIM00ARZPEURLU;DE000A2E4SV8;CYR GY Equity;040894523000;CYAN;eeb;share;ord_sh;sfi_atyp_201;191103;CYAN AG;EUR;ETR;XETR;Xetra Francfort;DE;GERMANY;96;MISCELLANEOUS SERVICES;;;;;;;1;;;;;;;;;;;;;;;;;;;;;;;;;;;;;;;;BFM0LL0;;044;;;31/03/2021
05AIM00B1O9USDLU;US49271V1008;KDP UQ Equity;042514316000;KEURIG DR PEPPER;eer;share;ord_sh;sfi_atyp_202;992035;KEURIG DR PEPPER INC;USD;NYX;XNYS;NYSE Euronext, New York;US;U.S.A.;61;FOOD & NO ALCOHOLIC BEVERAGE;;;;;;1;1;;;;;;;;;;;;;;;;;;;;;;;;;;;;;;;;BD3W133;;067;;;31/03/2021
05AIM00BA2PEURLU;FR0013379484;ALS30 FP Equity;044600804000;SOLUTIONS 30;eer;share;ord_sh;sfi_atyp_202;188597;SOLUTIONS 30;EUR;EPA;XPAR;Paris NYSE Euronext;LU;LUXEMBOURG;44;INTERNET, SOFTWARE & IT SERVICES;;;;;;;1;;;;;;;;;;;;;;;;;;;;;;;;;;;;;;;;BD5FFX8;;025;;;31/03/2021
05AIM00BM72GBPLU;GB00BG11K365;RDW LN Equity;046858788000;REDROW;eer;share;ord_sh;sfi_atyp_202;4327;REDROW;GBP;LON;XLON;London Stock Exchange (LSE);GB;UNITED KINGDOM;29;BUILDING MATERIALS & BUILDING INDUSTRY;;;;;;;1;;;;;;;;;;;;;;;;;;;;;;;;;;;;;;;;BG11K36;;361;;;31/03/2021
05AIM00BWUOUSDLU;US8723071036;TCF UQ Equity;049265541000;TCF FINANCIAL;eer;share;ord_sh;sfi_atyp_202;200967;TCF FINANCIAL CORPORATION;USD;NMS;XNAS;Nasdaq USA;US;U.S.A.;81;BANK & OTHER CREDIT INSTITUTIONS;;;;;;1;1;;;;;;;;;;;;;;;;;;;;;;;;;;;;;;;;BK5FNZ5;;067;;;31/03/2021
05NEX000Q96SEKLU;SE0014504817;LOOMIS SS Equity;055405230000;LOOMIS;eer;share;ord_sh;sfi_atyp_202;993630;LOOMIS;SEK;DIV;;;SE;SWEDEN;89;TRAFFIC & TRANSPORTATION;;;;;;;1;;;;;;;;;;;;;;;;;;;;;;;;;;;;;;;;BMVB566;;053;;;31/03/2021
05NEX000RGTEURLU;BE0974362940;BAR BB Equity;055641043000;BARCO;eer;share;ord_sh;sfi_atyp_202;4313;BARCO;EUR;BEX-P;;;BE;BELGIUM;44;INTERNET, SOFTWARE & IT SERVICES;;;;;;;1;;;;;;;;;;;;;;;;;;;;;;;;;;;;;;;;BMB3BN1;;006;;;31/03/2021
05NEX002A1HGBPLU;GB00BLDRH360;OSB LN Equity;057624217000;OSB GROUP;eer;share;ord_sh;sfi_atyp_202;200992;OSB GROUP PLC;GBP;LON;XLON;London Stock Exchange (LSE);GB;UNITED KINGDOM;84;HOLDING & FINANCIAL TRUST;;;;;;1;1;;;;;;;;;;;;;;;;;;;;;;;;;;;;;;;;BLDRH36;;361;;;31/03/2021
05PIB089796USDLU;US90328M1071;USNA UN Equity;000089796000;USANA HEALTH SCIENCES;eer;share;ord_sh;sfi_atyp_202;180055;USANA HEALTH SCIENCES;USD;FWTAT;;;US;U.S.A.;61;FOOD & NO ALCOHOLIC BEVERAGE;;;;;;1;1;;;;;;;;;;;;;;;;;;;;;;;;;;;;;;;;2267698;;065;;;31/03/2021
05PIB209076USDLU;US5763231090;MTZ UN Equity;000209076000;MASTEC;eer;share;ord_sh;sfi_atyp_202;5912;MASTEC;USD;FWTAT;;;US;U.S.A.;41;ELECTRICAL APLLIANCES & COMPONENTS;;;;;;;1;;;;;;;;;;;;;;;;;;;;;;;;;;;;;;;;2155306;;065;;;31/03/2021
05PIB340436USDLU;US45765U1034;NSIT UQ Equity;000340436000;INSIGHT ENTERPRISES;eer;share;ord_sh;sfi_atyp_202;193674;INSIGHT ENTERPRISES;USD;NYX;XNYS;NYSE Euronext, New York;US;U.S.A.;76;RETAIL TRADE & DEPARTEMENT STORES;;;;;;;1;;;;;;;;;;;;;;;;;;;;;;;;;;;;;;;;2475060;;067;;;31/03/2021
05PIB350549NOKLU;NO0006000801;NONG NO Equity;000350549000;SPAREBANK 1 NORD-NORGE;eer;share;ord_sh;sfi_atyp_202;992116;SPAREBANK 1 NORD-NORGE;NOK;OSL;XOSL;Oslo Stock Exchange;NO;NORWAY;81;BANK & OTHER CREDIT INSTITUTIONS;;;;;;1;1;;;;;;;;;;;;;;;;;;;;;;;;;;;;;;;;B28MM16;;048;;;31/03/2021
05PIB382547CADLU;CA01626P4033;ATD/B CT Equity;000382547000;ALIMENTATION COUCHE 'B' -SUB-VTG-;eer;share;ord_sh;sfi_atyp_202;999887;ALIMENTATION COUCHE-TARD;CAD;TOR;XTSE;TMX Group Ltd, Toronto Stock Exchange;CA;CANADA;76;RETAIL TRADE & DEPARTEMENT STORES;;;;;;;1;;;;;;;;;;;;;;;;;;;;;;;;;;;;;;;;2011646;;061;;;31/03/2021
05PIB442161EURLU;BE0003599108;IMMO BB Equity;000442161000;IMMOBILIERE DE BELGIQUE -IMMOBEL-;eer;share;ord_sh;sfi_atyp_202;8047;IMMOBEL;EUR;EPA;XPAR;Paris NYSE Euronext;BE;BELGIUM;57;REAL ESTATE;;;;;;1;1;;;;;;;;;;;;;;;;;;;;;;;;;;;;;;;;4458360;;006;;;31/03/2021
05PIB510272EURLU;SI0031102120;KRKG SV Equity;000510272000;KRKA;eer;share;ord_sh;sfi_atyp_202;8911;KRKA;EUR;EAM;XAMS;Amsterdam NYSE Euronext;SI;SLOVENIA;66;PHARMACEUTICALS AND COSMETICS;;;;;;1;1;;;;;;;;;;;;;;;;;;;;;;;;;;;;;;;;5157235;;294;;;31/03/2021
05PIB672744EURLU;FR0000036675;CEN FP Equity;000672744000;GROUPE CRIT;eer;share;ord_sh;sfi_atyp_202;984646;GROUPE CRIT;EUR;EPA;XPAR;Paris NYSE Euronext;FR;FRANCE;96;MISCELLANEOUS SERVICES;;;;;;1;1;;;;;;;;;;;;;;;;;;;;;;;;;;;;;;;;7071775;;025;;;31/03/2021
05PIB724212HKDLU;CNE1000001W2;914 HK Equity;000724212000;ANHUI CONCH CEMENT 'H';eer;share;ord_sh;sfi_atyp_202;11479;ANHUI CONCH CEMENT CO LTD;HKD;FRA;XFRA;Frankfurter Wertpapierborse;CN;CHINA;29;BUILDING MATERIALS & BUILDING INDUSTRY;;;;;;;1;;;;;;;;;;;;;;;;;;;;;;;;;;;;;;;;B01W480;;104;;;31/03/2021
05PIB761500JPYLU;JP3116000005;2502 JT Equity;000761500000;ASAHI GROUP HOLDINGS;eer;share;ord_sh;sfi_atyp_202;12217;ASAHI GROUP HOLDINGS;JPY;TYO;XTKS;Tokyo Stock Exchange;JP;JAPAN;64;ALCOHOL & TOBACCO;;;;;;;1;;;;;;;;;;;;;;;;;;;;;;;;;;;;;;;;6054409;;106;;;31/03/2021
05PIB763280JPYLU;JP3347200002;4507 JT Equity;000763280000;SHIONOGI;eer;share;ord_sh;sfi_atyp_202;12411;SHIONOGI & CO LTD;JPY;TYO;XTKS;Tokyo Stock Exchange;JP;JAPAN;66;PHARMACEUTICALS AND COSMETICS;;;;;;;1;;;;;;;;;;;;;;;;;;;;;;;;;;;;;;;;6804682;;106;;;31/03/2021
05PIB764030JPYLU;JP3942400007;4503 JT Equity;000764030000;ASTELLAS PHARMA;eer;share;ord_sh;sfi_atyp_202;12051;ASTELLAS PHARMA;JPY;TYO;XTKS;Tokyo Stock Exchange;JP;JAPAN;66;PHARMACEUTICALS AND COSMETICS;;;;;;;1;;;;;;;;;;;;;;;;;;;;;;;;;;;;;;;;6985383;;106;;;31/03/2021
05PIB922906USDLU;GB0022569080;DOX UQ Equity;000922906000;AMDOCS;eer;share;ord_sh;sfi_atyp_202;1099;AMDOCS;USD;FWTAT;;;GG;GUERNSEY;44;INTERNET, SOFTWARE & IT SERVICES;;;;;;1;1;;;;;;;;;;;;;;;;;;;;;;;;;;;;;;;;2256908;;067;;;31/03/2021
05PIB928683KRWLU;KR7021240007;021240 KP Equity;000928683000;COWAY CO;eer;share;ord_sh;sfi_atyp_202;994055;COWAY CO LTD;KRW;SEO;XKRX;Korea Exchange, Stock Market;KR;SOUTH KOREA;41;ELECTRICAL APLLIANCES & COMPONENTS;;;;;;1;1;;;;;;;;;;;;;;;;;;;;;;;;;;;;;;;;6173401;;123;;;31/03/2021
05PIBB86011USDLU;US5895841014;VIVO UQ Equity;001186011000;MERIDIAN BIOSCIENCE;eer;share;ord_sh;sfi_atyp_202;991498;MERIDIAN BIOSCIENCE;USD;FWTAT;;;US;U.S.A.;66;PHARMACEUTICALS AND COSMETICS;;;;;;1;1;;;;;;;;;;;;;;;;;;;;;;;;;;;;;;;;2580265;;067;;;31/03/2021
05PIBB90932USDLU;US58470H1014;MED UN Equity;001190932000;MEDIFAST;eer;share;ord_sh;sfi_atyp_202;189824;MEDIFAST;USD;NYX;XNYS;NYSE Euronext, New York;US;U.S.A.;76;RETAIL TRADE & DEPARTEMENT STORES;;;;;;;1;;;;;;;;;;;;;;;;;;;;;;;;;;;;;;;;2934033;;065;;;31/03/2021
05AIM001GBKEURLU;ES0157261019;ROVI SM Equity;003591807000;LABORATORIOS FARMACEUTICOS;eeb;share;ord_sh;sfi_atyp_201;990872;LABORAT FARMAC;EUR;MCE;XMCE;Mercado Continuo Espanol;ES;SPAIN;66;PHARMACEUTICALS AND COSMETICS;;;;;;;1;;;;;;;;;;;;;;;;;;;;;;;;;;;;;;;;B29F9S0;;105;;;31/03/2021
05AIM004CQVEURLU;GRS294003009;FFGRP GA Equity;012275430000;FOLLI FOLLIE;eer;share;ord_sh;sfi_atyp_503;13528;FOLLI FOLLIE GR;EUR;P00000;;;GR;GREECE;76;RETAIL TRADE & DEPARTEMENT STORES;;;;;;1;1;;;;;;;;;;;;;;;;;;;;;;;;;;;;;;;;B681D63;;254;;;31/03/2021
05AIM004O32EURLU;DE000A0Z23Q5;ADN1 GY Equity;010467159000;ADESSO;eeb;share;ord_sh;sfi_atyp_202;3820;ADESSO;EUR;ETR;XETR;Xetra Francfort;DE;GERMANY;44;INTERNET, SOFTWARE & IT SERVICES;;;;;;1;1;;;;;;;;;;;;;;;;;;;;;;;;;;;;;;;;B28DXK5;;044;;;31/03/2021
05AIM005B6JTWDLU;KYG6892A1085;4966 TT Equity;013758232000;PARADE TECHNOLOGIES;eer;share;ord_sh;sfi_atyp_202;176963;PARADE TECHNOLOGIES;TWD;FWTAT;;;KY;CAYMAN ISLANDS;42;ELECTRONICS & SEMICONDUCTORS;;;;;;;1;;;;;;;;;;;;;;;;;;;;;;;;;;;;;;;;B6RV676;;372;;;31/03/2021
05AIM007JEFUSDLU;US9485961018;WB UQ Equity;023986224000;WEIBO 'A' -ADR SPONS.-;eer;share;ord_sh;sfi_atyp_202;185578;WEIBO;USD;P00099;;;KY;CAYMAN ISLANDS;44;INTERNET, SOFTWARE & IT SERVICES;;;;;;1;1;;;;;;;;;;;;;;;;;;;;;;;;;;;;;;;;BLSNPZ7;;067;ZZ00AAAAN0 0;WEIBO 'A';31/03/2021
05PIB279330TWDLU;TW0002330008;2330 TT Equity;000279330000;TAIWAN SEMICONDUCTOR MANUFACTUR.;eer;share;ord_sh;sfi_atyp_202;6354;TAIWAN SEMICON;TWD;FWTAT;;;TW;TAIWAN;42;ELECTRONICS & SEMICONDUCTORS;;;;;;;1;;;;;;;;;;;;;;;;;;;;;;;;;;;;;;;;6889106;;103;;;31/03/2021
05AIM0097UQTWDLU;TW0008464009;8464 TT Equity;026532217000;NIEN MADE ENTERPRISE;eer;share;ord_sh;sfi_atyp_202;184890;NIEN MADE;TWD;P00123;;;TW;TAIWAN;79;MISCELLANEOUS TRADING COMPANIES;;;;;;1;1;;;;;;;;;;;;;;;;;;;;;;;;;;;;;;;;BSZLN15;;103;;;31/03/2021
05AIM00AMC0USDLU;US5288771034;LX UQ Equity;039164713000;LEXINFINTECH HOLDINGS -ADR SPONS.-;eer;share;ord_sh;sfi_atyp_202;191350;LEXINFINTECH HOLDINGS LTD;USD;NMS;XNAS;Nasdaq USA;KY;CAYMAN ISLANDS;84;HOLDING & FINANCIAL TRUST;;;;;;1;1;;;;;;;;;;;;;;;;;;;;;;;;;;;;;;;;BFCM956;;067;KYG5470L1068;LEXINFINTECH HOLDINGS 'A';31/03/2021
05AIM00AMC4;KYG5470L1068;1557717D CG Equity;039163818000;LEXINFINTECH HOLDINGS 'A';eer;share;ord_sh;sfi_atyp_202;191350;LEXINFINTECH HOLDINGS LTD;USD;DIV;;;KY;CAYMAN ISLANDS;84;HOLDING & FINANCIAL TRUST;;;;;0;;1;;;;;;;;;;;;;;;;;;;;;;;;;;;;;;;;BD5DYV3;;214;;;31/03/2021
05AIM00AUXETWDLU;TW0006669005;6669 TT Equity;039034189000;WIWYNN;eer;share;ord_sh;sfi_atyp_202;191341;WIWYNN CORP;TWD;P00099;;;TW;TAIWAN;42;ELECTRONICS & SEMICONDUCTORS;;;;;;1;1;;;;;;;;;;;;;;;;;;;;;;;;;;;;;;;;BF4QXG5;;103;;;31/03/2021
05NEX0029POUSDLU;US74319R1014;PRG-W UN Equity;058406779000;PROG HOLDINGS;eer;share;ord_sh;sfi_atyp_202;201338;PROG HOLDINGS INC;USD;USX-P;;;US;U.S.A.;81;BANK & OTHER CREDIT INSTITUTIONS;;;;;;1;1;;;;;;;;;;;;;;;;;;;;;;;;;;;;;;;;BLFGN66;;065;;;31/03/2021
05PIB978759TWDLU;TW0002383007;2383 TT Equity;000978759000;ELITE MATERIAL;eer;share;ord_sh;sfi_atyp_202;988392;ELITE MATERIAL;TWD;FWTAT;;;TW;TAIWAN;41;ELECTRICAL APLLIANCES & COMPONENTS;;;;;;1;1;;;;;;;;;;;;;;;;;;;;;;;;;;;;;;;;6316121;;103;;;31/03/2021
05PIBC38076JPYLU;JP3827800008;4848 JT Equity;001238076000;FULLCAST HOLDINGS;eer;share;ord_sh;sfi_atyp_202;977128;FULLCAST HOLD.;JPY;FWTAT;;;JP;JAPAN;84;HOLDING & FINANCIAL TRUST;;;;;;1;1;;;;;;;;;;;;;;;;;;;;;;;;;;;;;;;;6352404;;106;;;31/03/2021
05PIBK35949TWDLU;TW0003406005;3406 TT Equity;002035949000;GENIUS ELECTRONICS OPTICAL;eer;share;ord_sh;sfi_atyp_202;172073;GENIUS ELECT;TWD;FWTAT;;;TW;TAIWAN;42;ELECTRONICS & SEMICONDUCTORS;;;;;;1;1;;;;;;;;;;;;;;;;;;;;;;;;;;;;;;;;B059SR4;;103;;;31/03/2021
05AIM00AMC4USDLU;KYG5470L1068;1557717D CG Equity;039163818000;LEXINFINTECH HOLDINGS 'A';eer;share;ord_sh;sfi_atyp_202;191350;LEXINFINTECH HOLDINGS LTD;USD;DIV;;;KY;CAYMAN ISLANDS;84;HOLDING & FINANCIAL TRUST;;;;;;;1;;;;;;;;;;;;;;;;;;;;;;;;;;;;;;;;BD5DYV3;;214;;;31/03/2021
