ID_MAN_CO;FUND_NUMBER;FUND_NAME;FUND_CCY;ACCOUNT_NUMBER;ACCOUNT_NAME;CASH_TYPE;CASH_CURRENCY;CASH_RATE;MATURITY_DATE;AMOUNT_CASH_CCY;AMOUNT_CPT_CCY;AMOUNT_EUR;VALUATION_DATE;EUR_FX_RATE;FX_RATE_DATE;FLAG_FEEDER;Reporting Period
343;513385;TARENO FUNDS-VALUE-OPPORTUNITY EQUITIES;EUR;15000;Current account;Compte courant;USD;0;;28550.1;24291.75;24291.746402;;.850846;31/03/2021;N;31/03/2021
343;513385;TARENO FUNDS-VALUE-OPPORTUNITY EQUITIES;EUR;15000;Current account;Compte courant;TWD;0;;197500;5889.4;5889.395385;;.02982;31/03/2021;N;31/03/2021
343;513385;TARENO FUNDS-VALUE-OPPORTUNITY EQUITIES;EUR;15000;Current account;Compte courant;NOK;0;;147320;14683.87;14683.872418;;.099673;31/03/2021;N;31/03/2021
343;513385;TARENO FUNDS-VALUE-OPPORTUNITY EQUITIES;EUR;15000;Current account;Compte courant;KRW;0;;72320820;54370.69;54370.69171;;.000752;31/03/2021;N;31/03/2021
343;513385;TARENO FUNDS-VALUE-OPPORTUNITY EQUITIES;EUR;15000;Current account;Compte courant;JPY;0;;557058;4289.33;4289.325549;;.0077;31/03/2021;N;31/03/2021
343;513385;TARENO FUNDS-VALUE-OPPORTUNITY EQUITIES;EUR;15000;Current account;Compte courant;GBP;0;;24264.26;28484.13;28484.128443;;1.173913;31/03/2021;N;31/03/2021
343;513385;TARENO FUNDS-VALUE-OPPORTUNITY EQUITIES;EUR;15000;Current account;Compte courant;EUR;0;;1322296.99;1322296.99;1322296.99;;1;31/03/2021;N;31/03/2021
343;513385;TARENO FUNDS-VALUE-OPPORTUNITY EQUITIES;EUR;15000;Current account;Compte courant;CAD;0;;2625;1777.04;1777.037863;;.676967;31/03/2021;N;31/03/2021
343;513385;TARENO FUNDS-VALUE-OPPORTUNITY EQUITIES;EUR;21100;Provision audit fees;Provisions;EUR;0;;-17528.94;-17528.94;-17528.94;;1;31/03/2021;N;31/03/2021
343;513385;TARENO FUNDS-VALUE-OPPORTUNITY EQUITIES;EUR;21102;Prov Audit Annual report;Provisions;EUR;0;;-493.2;-493.2;-493.2;;1;31/03/2021;N;31/03/2021
343;513385;TARENO FUNDS-VALUE-OPPORTUNITY EQUITIES;EUR;21280;Provis/paiemt audit fees ant;Provisions;EUR;0;;10429.87;10429.87;10429.87;;1;31/03/2021;N;31/03/2021
343;513385;TARENO FUNDS-VALUE-OPPORTUNITY EQUITIES;EUR;26200;Other payable;Montant � recevoir;EUR;0;;-3884.4;-3884.4;-3884.4;;1;31/03/2021;N;31/03/2021
343;513385;TARENO FUNDS-VALUE-OPPORTUNITY EQUITIES;EUR;22187;Provision Deposit supervi duty;Provisions;EUR;0;;-475.27;-475.27;-475.27;;1;31/03/2021;N;31/03/2021
343;513385;TARENO FUNDS-VALUE-OPPORTUNITY EQUITIES;EUR;21126;Prov Reporting Publishing fees;Provisions;EUR;0;;-3205.67;-3205.67;-3205.67;;1;31/03/2021;N;31/03/2021
343;513385;TARENO FUNDS-VALUE-OPPORTUNITY EQUITIES;EUR;22100;Provision custody fee;Provisions;EUR;0;;-7520.11;-7520.11;-7520.11;;1;31/03/2021;N;31/03/2021
343;513385;TARENO FUNDS-VALUE-OPPORTUNITY EQUITIES;EUR;22111;Provision Domiciliation fees;Provisions;EUR;0;;-950.55;-950.55;-950.55;;1;31/03/2021;N;31/03/2021
343;513385;TARENO FUNDS-VALUE-OPPORTUNITY EQUITIES;EUR;22120;Provision administration fee;Provisions;EUR;0;;-13536.22;-13536.22;-13536.22;;1;31/03/2021;N;31/03/2021
343;513385;TARENO FUNDS-VALUE-OPPORTUNITY EQUITIES;EUR;22160;Provision Management Company;Provisions;EUR;0;;-7520.11;-7520.11;-7520.11;;1;31/03/2021;N;31/03/2021
343;513385;TARENO FUNDS-VALUE-OPPORTUNITY EQUITIES;EUR;22207;Provision Mgt classe A;Provisions;EUR;0;;-37930.91;-37930.91;-37930.91;;1;31/03/2021;N;31/03/2021
343;513385;TARENO FUNDS-VALUE-OPPORTUNITY EQUITIES;EUR;22208;Provision Mgt classe B;Provisions;EUR;0;;-4101.41;-4101.41;-4101.41;;1;31/03/2021;N;31/03/2021
343;513385;TARENO FUNDS-VALUE-OPPORTUNITY EQUITIES;EUR;22209;Provision Mgt classe C;Provisions;EUR;0;;-131.18;-131.18;-131.18;;1;31/03/2021;N;31/03/2021
343;513385;TARENO FUNDS-VALUE-OPPORTUNITY EQUITIES;EUR;23100;Provis. taxe d'abonnemt 0.05 %;Provisions;EUR;0;;-7977.73;-7977.73;-7977.73;;1;31/03/2021;N;31/03/2021
343;513385;TARENO FUNDS-VALUE-OPPORTUNITY EQUITIES;EUR;22773;Provision Mgt fees I2U;Provisions;EUR;0;;-493.2;-493.2;-493.2;;1;31/03/2021;N;31/03/2021
343;513385;TARENO FUNDS-VALUE-OPPORTUNITY EQUITIES;EUR;22772;Provision Mgt fees I2P;Provisions;EUR;0;;-95.07;-95.07;-95.07;;1;31/03/2021;N;31/03/2021
