ID_MAN_CO;FUND_NUMBER;FUND_NAME;FUND_CCY;ISIN;SECURITY_NAME;TYPE_INSTR;INSTRUMENT_CCY;INSTRUMENT_PRICE;INSTRUMENT_PRICE_EUR;PRICE_DATE;FX_RATE;TRANSACTION_TYPE;EXECUTION_DATE;TRANSACTION_CCY;QUANTITY;AMOUNT_TRANSACTION_CCY;AMOUNT_FUND_CCY;AMOUNT_TRANSACTION_EUR;FX_RATE_EUR;FX_RATE_DATE;MATURITY_DATE;MIC_CODE;TRANSACTION_PRICE;UNREALIZED_PNL;CANCEL_ANULATION;FLAG_FEEDER;Reporting Period
343;513385;TARENO FUNDS-VALUE-OPPORTUNITY EQUITIES;EUR;SI0031102120;KRKA;share;EUR;95.2;95.2;30/03/2021;1;Sale on stock market ~;31/03/2021;EUR;2351;223815.2;223815.2;223815.2;1;31/03/2021;;;95.2;;20;N;31/03/2021
343;513385;TARENO FUNDS-VALUE-OPPORTUNITY EQUITIES;EUR;FR0000036675;GROUPE CRIT;share;EUR;65.910288;65.910288;27/01/2021;1;Sale on stock market ~;27/01/2021;EUR;243;16016.2;16016.2;16016.2;1;31/03/2021;;;65.910288;;20;N;31/03/2021
343;513385;TARENO FUNDS-VALUE-OPPORTUNITY EQUITIES;EUR;ES0157261019;LABORATORIOS FARMACEUTICOS;share;EUR;45.923856;45.923856;31/03/2021;1;Sale on stock market ~;31/03/2021;EUR;8350;383464.2;383464.2;383464.2;1;31/03/2021;;;45.923856;;20;N;31/03/2021
343;513385;TARENO FUNDS-VALUE-OPPORTUNITY EQUITIES;EUR;US5288771034;LEXINFINTECH HOLDINGS -ADR SPONS.-;share;USD;9.801863;8.339876;31/03/2021;1.1753;Purchase on stock market ~;31/03/2021;EUR;40000;392074.5;334049.44;392074.5;1;31/03/2021;;;9.801863;;20;N;31/03/2021
343;513385;TARENO FUNDS-VALUE-OPPORTUNITY EQUITIES;EUR;;;;;;;18/03/2021;0;Purchase spot contract ~;18/03/2021;;0;11893740;11893740;;;31/03/2021;;;;;20;N;31/03/2021
343;513385;TARENO FUNDS-VALUE-OPPORTUNITY EQUITIES;EUR;CNE1000001W2;ANHUI CONCH CEMENT 'H';share;HKD;50.8475;5.564852;09/03/2021;9.224006;Purchase on stock market ~;09/03/2021;EUR;50000;2542375.01;276403.64;2542375.01;1;31/03/2021;;;50.8475;;20;N;31/03/2021
343;513385;TARENO FUNDS-VALUE-OPPORTUNITY EQUITIES;EUR;US74319R1014;PROG HOLDINGS;share;USD;53.761873;45.743075;06/01/2021;1.2281;Purchase on stock market ~;06/01/2021;EUR;10000;537618.73;437161.61;537618.73;1;31/03/2021;;;53.761873;;20;N;31/03/2021
343;513385;TARENO FUNDS-VALUE-OPPORTUNITY EQUITIES;EUR;TW0002383007;ELITE MATERIAL;share;TWD;157.5;4.69665;08/01/2021;34.296576;Purchase on stock market ~;08/01/2021;TWD;65000;10237500;298499.19;305282.25;.02982;31/03/2021;;;157.5;;20;N;31/03/2021
343;513385;TARENO FUNDS-VALUE-OPPORTUNITY EQUITIES;EUR;;;;;;;22/12/2020;0;Purchase spot contract ~;19/01/2021;;0;2586663;2586663;;;31/03/2021;;;;;20;N;31/03/2021
343;513385;TARENO FUNDS-VALUE-OPPORTUNITY EQUITIES;EUR;DE000A161408;HELLOFRESH;share;EUR;61.79984;61.79984;15/03/2021;1;Purchase on stock market ~;15/03/2021;EUR;5200;321359.17;321359.17;321359.17;1;31/03/2021;;;61.79984;;20;N;31/03/2021
343;513385;TARENO FUNDS-VALUE-OPPORTUNITY EQUITIES;EUR;FR0013379484;SOLUTIONS 30;share;EUR;12.760442;12.760442;06/01/2021;1;Sale on stock market ~;06/01/2021;EUR;25000;319011.05;319011.05;319011.05;1;31/03/2021;;;12.760442;;20;N;31/03/2021
343;513385;TARENO FUNDS-VALUE-OPPORTUNITY EQUITIES;EUR;US8723071036;TCF FINANCIAL;share;USD;41.522552;35.329297;08/02/2021;1.20475;Sale on stock market ~;08/02/2021;EUR;13000;539793.18;447026.66;539793.18;1;31/03/2021;;;41.522552;;20;N;31/03/2021
343;513385;TARENO FUNDS-VALUE-OPPORTUNITY EQUITIES;EUR;;;;;;;13/01/2021;0;Purchase spot contract ~;13/01/2021;;0;9988301;9988301;;;31/03/2021;;;;;20;N;31/03/2021
343;513385;TARENO FUNDS-VALUE-OPPORTUNITY EQUITIES;EUR;;;;;;;08/01/2021;0;Purchase spot contract ~;08/01/2021;;0;10954000;10954000;;;31/03/2021;;;;;20;N;31/03/2021
343;513385;TARENO FUNDS-VALUE-OPPORTUNITY EQUITIES;EUR;NO0010631567;SPAREBANK 1 SR-BANK;share;NOK;93.255556;9.295061;13/01/2021;10.316965;Sale on stock market ~;13/01/2021;EUR;45000;4196500;405031.87;4196500;1;31/03/2021;;;93.255556;;20;N;31/03/2021
343;513385;TARENO FUNDS-VALUE-OPPORTUNITY EQUITIES;EUR;KR7021240007;COWAY CO;share;KRW;68096.3375;51.208446;17/03/2021;1345.502284;Purchase on stock market ~;17/03/2021;KRW;8000;544770700;404882.78;409667.5664;.000752;31/03/2021;;;68096.3375;;20;N;31/03/2021
343;513385;TARENO FUNDS-VALUE-OPPORTUNITY EQUITIES;EUR;KYG6892A1085;PARADE TECHNOLOGIES;share;TWD;1194;35.60508;16/03/2021;33.618613;Purchase on stock market ~;16/03/2021;TWD;10000;11940000;355160.39;356050.8;.02982;31/03/2021;;;1194;;20;N;31/03/2021
343;513385;TARENO FUNDS-VALUE-OPPORTUNITY EQUITIES;EUR;TW0008464009;NIEN MADE ENTERPRISE;share;TWD;350.983333;10.466323;18/01/2021;33.79371;Purchase on stock market ~;18/01/2021;TWD;30000;10529500;311581.65;313989.69;.02982;31/03/2021;;;350.983333;;20;N;31/03/2021
343;513385;TARENO FUNDS-VALUE-OPPORTUNITY EQUITIES;EUR;;;;;;;17/03/2021;0;Purchase spot contract ~;17/03/2021;;0;11963880;11963880;;;31/03/2021;;;;;20;N;31/03/2021
343;513385;TARENO FUNDS-VALUE-OPPORTUNITY EQUITIES;EUR;;;;;;;15/01/2021;0;Purchase spot contract ~;19/01/2021;;0;10088136;10088136;;;31/03/2021;;;;;20;N;31/03/2021
343;513385;TARENO FUNDS-VALUE-OPPORTUNITY EQUITIES;EUR;;;;;;;13/01/2021;0;Purchase spot contract ~;19/01/2021;;0;9988301;9988301;;;31/03/2021;;;;;30;N;31/03/2021
343;513385;TARENO FUNDS-VALUE-OPPORTUNITY EQUITIES;EUR;;;;;;;21/12/2020;0;Purchase spot contract ~;19/01/2021;;0;7106184;7106184;;;31/03/2021;;;;;20;N;31/03/2021
343;513385;TARENO FUNDS-VALUE-OPPORTUNITY EQUITIES;EUR;SI0031102120;KRKA;share;EUR;95.2;95.2;31/03/2021;1;Sale on stock market ~;31/03/2021;EUR;2149;204584.8;204584.8;204584.8;1;31/03/2021;;;95.2;;20;N;31/03/2021
343;513385;TARENO FUNDS-VALUE-OPPORTUNITY EQUITIES;EUR;TW0003406005;GENIUS ELECTRONICS OPTICAL;share;TWD;503.4;15.011388;14/01/2021;33.936141;Purchase on stock market ~;14/01/2021;TWD;20000;10068000;296674.87;300227.76;.02982;31/03/2021;;;503.4;;20;N;31/03/2021
343;513385;TARENO FUNDS-VALUE-OPPORTUNITY EQUITIES;EUR;US74834L1008;QUEST DIAGNOSTICS;share;USD;121.36;103.258671;12/03/2021;1.1938;Purchase on stock market ~;12/03/2021;EUR;3500;424760;356464.89;424760;1;31/03/2021;;;121.36;;20;N;31/03/2021
343;513385;TARENO FUNDS-VALUE-OPPORTUNITY EQUITIES;EUR;US4771431016;JETBLUE AIRWAYS;share;USD;21.485572;18.280913;16/03/2021;1.19045;Sale on stock market ~;17/03/2021;EUR;38000;816451.73;684758.32;816451.73;1;31/03/2021;;;21.485572;;20;N;31/03/2021
343;513385;TARENO FUNDS-VALUE-OPPORTUNITY EQUITIES;EUR;NL0011794037;KONINKLIJKE AHOLD DELHAIZE;share;EUR;22.998758;22.998758;12/03/2021;1;Sale on stock market ~;12/03/2021;EUR;25000;574968.94;574968.94;574968.94;1;31/03/2021;;;22.998758;;20;N;31/03/2021
343;513385;TARENO FUNDS-VALUE-OPPORTUNITY EQUITIES;EUR;JE00BG6L7297;BOOHOO GROUP;share;GBP;3.335;3.915;27/01/2021;.882361;Purchase on stock market ~;27/01/2021;EUR;50000;166750;188851.21;166750;1;31/03/2021;;;3.335;;20;N;31/03/2021
343;513385;TARENO FUNDS-VALUE-OPPORTUNITY EQUITIES;EUR;US06684L1035;BAOZUN 'A' -ADR SPONS.-;share;USD;53.579814;45.58817;16/02/2021;1.211899;Sale on stock market ~;16/02/2021;EUR;12000;642957.77;529515.88;642957.77;1;31/03/2021;;;53.579814;;20;N;31/03/2021
343;513385;TARENO FUNDS-VALUE-OPPORTUNITY EQUITIES;EUR;US8723071036;TCF FINANCIAL;share;USD;42.344967;36.029046;11/01/2021;1.21505;Sale on stock market ~;11/01/2021;EUR;12000;508139.6;417912.67;508139.6;1;31/03/2021;;;42.344967;;20;N;31/03/2021
343;513385;TARENO FUNDS-VALUE-OPPORTUNITY EQUITIES;EUR;US90328M1071;USANA HEALTH SCIENCES;share;USD;91.895386;78.188822;16/02/2021;1.211899;Purchase on stock market ~;16/02/2021;EUR;5000;459476.93;380276.07;459476.93;1;31/03/2021;;;91.895386;;20;N;31/03/2021
343;513385;TARENO FUNDS-VALUE-OPPORTUNITY EQUITIES;EUR;US45765U1034;INSIGHT ENTERPRISES;share;USD;95.89;81.587623;15/03/2021;1.19165;Sale on stock market ~;15/03/2021;EUR;6000;575340;481930.74;575340;1;31/03/2021;;;95.89;;20;N;31/03/2021
343;513385;TARENO FUNDS-VALUE-OPPORTUNITY EQUITIES;EUR;TW0006669005;WIWYNN;share;TWD;710.866667;21.198044;12/01/2021;34.037122;Purchase on stock market ~;12/01/2021;TWD;15000;10663000;313275.6;317970.66;.02982;31/03/2021;;;710.866667;;20;N;31/03/2021
343;513385;TARENO FUNDS-VALUE-OPPORTUNITY EQUITIES;EUR;JP3827800008;FULLCAST HOLDINGS;share;JPY;1701.586957;13.10222;29/01/2021;127.193994;Purchase on stock market ~;31/01/2021;EUR;13800;23481900;185878.34;23481900;1;31/03/2021;;;1701.586957;;20;N;31/03/2021
343;513385;TARENO FUNDS-VALUE-OPPORTUNITY EQUITIES;EUR;;;;;;;19/01/2021;0;Purchase spot contract ~;19/01/2021;;0;10550559;10550559;;;31/03/2021;;;;;20;N;31/03/2021
343;513385;TARENO FUNDS-VALUE-OPPORTUNITY EQUITIES;EUR;;;;;;;15/01/2021;0;Purchase spot contract ~;19/01/2021;;0;10088136;10088136;;;31/03/2021;;;;;30;N;31/03/2021
343;513385;TARENO FUNDS-VALUE-OPPORTUNITY EQUITIES;EUR;;;;;;;08/01/2021;0;Purchase spot contract ~;19/01/2021;;0;10954000;10954000;;;31/03/2021;;;;;20;N;31/03/2021
343;513385;TARENO FUNDS-VALUE-OPPORTUNITY EQUITIES;EUR;;;;;;;21/12/2020;0;Purchase spot contract ~;19/01/2021;;0;7106184;7106184;;;31/03/2021;;;;;30;N;31/03/2021
343;513385;TARENO FUNDS-VALUE-OPPORTUNITY EQUITIES;EUR;US8485771021;SPIRIT AIRLINES;share;USD;35.357502;30.083789;08/03/2021;1.1858;Sale on stock market ~;08/03/2021;EUR;28000;990010.06;833527.73;990010.06;1;31/03/2021;;;35.357502;;20;N;31/03/2021
343;513385;TARENO FUNDS-VALUE-OPPORTUNITY EQUITIES;EUR;NO0010631567;SPAREBANK 1 SR-BANK;share;NOK;94.51822;9.420915;14/01/2021;10.288479;Sale on stock market ~;14/01/2021;EUR;45000;4253319.88;411416.32;4253319.88;1;31/03/2021;;;94.51822;;20;N;31/03/2021
343;513385;TARENO FUNDS-VALUE-OPPORTUNITY EQUITIES;EUR;FR0013379484;SOLUTIONS 30;share;EUR;13.23152;13.23152;21/01/2021;1;Sale on stock market ~;21/01/2021;EUR;27785;367637.78;367637.78;367637.78;1;31/03/2021;;;13.23152;;20;N;31/03/2021
343;513385;TARENO FUNDS-VALUE-OPPORTUNITY EQUITIES;EUR;;;;;;;13/01/2021;0;Purchase spot contract ~;19/01/2021;;0;9988301;9988301;;;31/03/2021;;;;;20;N;31/03/2021
343;513385;TARENO FUNDS-VALUE-OPPORTUNITY EQUITIES;EUR;;;;;;;08/01/2021;0;Purchase spot contract ~;19/01/2021;;0;10954000;10954000;;;31/03/2021;;;;;30;N;31/03/2021
343;513385;TARENO FUNDS-VALUE-OPPORTUNITY EQUITIES;EUR;FR0000036675;GROUPE CRIT;share;EUR;65.9;65.9;28/01/2021;1;Sale on stock market ~;28/01/2021;EUR;54;3558.6;3558.6;3558.6;1;31/03/2021;;;65.9;;20;N;31/03/2021
343;513385;TARENO FUNDS-VALUE-OPPORTUNITY EQUITIES;EUR;KYG6892A1085;PARADE TECHNOLOGIES;share;TWD;1187;35.39634;17/03/2021;33.674257;Purchase on stock market ~;17/03/2021;TWD;10000;11870000;352494.78;353963.4;.02982;31/03/2021;;;1187;;20;N;31/03/2021
343;513385;TARENO FUNDS-VALUE-OPPORTUNITY EQUITIES;EUR;JP3827800008;FULLCAST HOLDINGS;share;JPY;1689.609375;13.009992;28/01/2021;126.449774;Purchase on stock market ~;28/01/2021;EUR;19200;32440500;256983.94;32440500;1;31/03/2021;;;1689.609375;;20;N;31/03/2021
343;513385;TARENO FUNDS-VALUE-OPPORTUNITY EQUITIES;EUR;;;;;;;15/01/2021;0;Purchase spot contract ~;15/01/2021;;0;10088136;10088136;;;31/03/2021;;;;;20;N;31/03/2021
343;513385;TARENO FUNDS-VALUE-OPPORTUNITY EQUITIES;EUR;FR0013379484;SOLUTIONS 30;share;EUR;12.914994;12.914994;19/01/2021;1;Sale on stock market ~;19/01/2021;EUR;25000;322874.86;322874.86;322874.86;1;31/03/2021;;;12.914994;;20;N;31/03/2021
343;513385;TARENO FUNDS-VALUE-OPPORTUNITY EQUITIES;EUR;CA01626P4033;ALIMENTATION COUCHE 'B' -SUB-VTG-;share;CAD;41.4934;28.089663;12/03/2021;1.491655;Purchase on stock market ~;12/03/2021;EUR;20000;829868;556156.26;829868;1;31/03/2021;;;41.4934;;20;N;31/03/2021
343;513385;TARENO FUNDS-VALUE-OPPORTUNITY EQUITIES;EUR;SI0031102120;KRKA;share;EUR;95.2;95.2;29/03/2021;1;Sale on stock market ~;29/03/2021;EUR;500;47600;47600;47600;1;31/03/2021;;;95.2;;20;N;31/03/2021
343;513385;TARENO FUNDS-VALUE-OPPORTUNITY EQUITIES;EUR;GB0022569080;AMDOCS;share;USD;74.314556;63.230243;31/03/2021;1.1753;Sale on stock market ~;31/03/2021;EUR;4500;334415.5;284168.05;334415.5;1;31/03/2021;;;74.314556;;20;N;31/03/2021
343;513385;TARENO FUNDS-VALUE-OPPORTUNITY EQUITIES;EUR;;;;;;;19/03/2021;0;Purchase spot contract ~;19/03/2021;;0;545860241;545860241;;;31/03/2021;;;;;20;N;31/03/2021
343;513385;TARENO FUNDS-VALUE-OPPORTUNITY EQUITIES;EUR;;;;;;;22/12/2020;0;Purchase spot contract ~;19/01/2021;;0;2586663;2586663;;;31/03/2021;;;;;30;N;31/03/2021
