ID_MAN_CO;ISIN_CODE;FUND_NUMBER;FUND_NAME;FUND_CCY;SHARECLASS_CODE;SHARECLASS_NAME;SHARECLASS_CCY;SUBRED_TYPE;SUBRED_SHARES_OUTSTANDING;SUBRED_DATE;SUBRED_AMOUNT_SHARE_CLASS_CCY;SUBRED_AMOUNT_CPT_CCY;SUBRED_AMOUNT_EUR_FIN_PERIODE;FX_RATE_EUR_FIN_PERIODE;FX_RATE_DATE;Reporting Period
343;LU1314012052;513385;TARENO FUNDS-VALUE-OPPORTUNITY EQUITIES;EUR;B;BB EUR;EUR;SUBSCRIPTION;100;16/02/2021;16411;16411;16411;1;31/03/2021;31/03/2021
343;LU1314012052;513385;TARENO FUNDS-VALUE-OPPORTUNITY EQUITIES;EUR;B;BB EUR;EUR;SUBSCRIPTION;195;04/02/2021;30985.5;30985.5;30985.5;1;31/03/2021;31/03/2021
343;LU1314012052;513385;TARENO FUNDS-VALUE-OPPORTUNITY EQUITIES;EUR;B;BB EUR;EUR;SUBSCRIPTION;100;26/01/2021;15624;15624;15624;1;31/03/2021;31/03/2021
343;LU1314012052;513385;TARENO FUNDS-VALUE-OPPORTUNITY EQUITIES;EUR;B;BB EUR;EUR;REDEMPTION;155;18/01/2021;23995.55;23995.55;23995.55;1;31/03/2021;31/03/2021
343;LU1314012052;513385;TARENO FUNDS-VALUE-OPPORTUNITY EQUITIES;EUR;B;BB EUR;EUR;SUBSCRIPTION;185.63;05/01/2021;27373;27373;27373;1;31/03/2021;31/03/2021
343;LU1148177246;513385;TARENO FUNDS-VALUE-OPPORTUNITY EQUITIES;EUR;C;C EUR;EUR;SUBSCRIPTION;220.1;05/01/2021;26015.82;26015.82;26015.82;1;31/03/2021;31/03/2021
343;LU1314011914;513385;TARENO FUNDS-VALUE-OPPORTUNITY EQUITIES;EUR;A;AA EUR;EUR;SUBSCRIPTION;1230;30/03/2021;212224.2;212224.2;212224.2;1;31/03/2021;31/03/2021
343;LU1314011914;513385;TARENO FUNDS-VALUE-OPPORTUNITY EQUITIES;EUR;A;AA EUR;EUR;SUBSCRIPTION;1580;17/03/2021;277432.2;277432.2;277432.2;1;31/03/2021;31/03/2021
343;LU1314011914;513385;TARENO FUNDS-VALUE-OPPORTUNITY EQUITIES;EUR;A;AA EUR;EUR;REDEMPTION;230;16/03/2021;40309.8;40309.8;40309.8;1;31/03/2021;31/03/2021
343;LU1314011914;513385;TARENO FUNDS-VALUE-OPPORTUNITY EQUITIES;EUR;A;AA EUR;EUR;REDEMPTION;2125;05/03/2021;354811.25;354811.25;354811.25;1;31/03/2021;31/03/2021
343;LU1314011914;513385;TARENO FUNDS-VALUE-OPPORTUNITY EQUITIES;EUR;A;AA EUR;EUR;SUBSCRIPTION;425;01/03/2021;69695.75;69695.75;69695.75;1;31/03/2021;31/03/2021
343;LU1314011914;513385;TARENO FUNDS-VALUE-OPPORTUNITY EQUITIES;EUR;A;AA EUR;EUR;REDEMPTION;.001;25/02/2021;.17;.17;.17;1;31/03/2021;31/03/2021
343;LU1314011914;513385;TARENO FUNDS-VALUE-OPPORTUNITY EQUITIES;EUR;A;AA EUR;EUR;REDEMPTION;100;11/02/2021;16590;16590;16590;1;31/03/2021;31/03/2021
343;LU1314011914;513385;TARENO FUNDS-VALUE-OPPORTUNITY EQUITIES;EUR;A;AA EUR;EUR;REDEMPTION;2305;09/02/2021;380947.35;380947.35;380947.35;1;31/03/2021;31/03/2021
343;LU1314011914;513385;TARENO FUNDS-VALUE-OPPORTUNITY EQUITIES;EUR;A;AA EUR;EUR;SUBSCRIPTION;625;08/02/2021;102687.5;102687.5;102687.5;1;31/03/2021;31/03/2021
343;LU1314011914;513385;TARENO FUNDS-VALUE-OPPORTUNITY EQUITIES;EUR;A;AA EUR;EUR;SUBSCRIPTION;500;03/02/2021;79830;79830;79830;1;31/03/2021;31/03/2021
343;LU1314011914;513385;TARENO FUNDS-VALUE-OPPORTUNITY EQUITIES;EUR;A;AA EUR;EUR;REDEMPTION;1000;01/02/2021;154930;154930;154930;1;31/03/2021;31/03/2021
343;LU1314011914;513385;TARENO FUNDS-VALUE-OPPORTUNITY EQUITIES;EUR;A;AA EUR;EUR;SUBSCRIPTION;330;27/01/2021;52572.3;52572.3;52572.3;1;31/03/2021;31/03/2021
343;LU1314011914;513385;TARENO FUNDS-VALUE-OPPORTUNITY EQUITIES;EUR;A;AA EUR;EUR;SUBSCRIPTION;50;26/01/2021;7934.5;7934.5;7934.5;1;31/03/2021;31/03/2021
343;LU1314011914;513385;TARENO FUNDS-VALUE-OPPORTUNITY EQUITIES;EUR;A;AA EUR;EUR;REDEMPTION;235;20/01/2021;37310.95;37310.95;37310.95;1;31/03/2021;31/03/2021
343;LU1314011914;513385;TARENO FUNDS-VALUE-OPPORTUNITY EQUITIES;EUR;A;AA EUR;EUR;SUBSCRIPTION;155;20/01/2021;24609.35;24609.35;24609.35;1;31/03/2021;31/03/2021
343;LU1314011914;513385;TARENO FUNDS-VALUE-OPPORTUNITY EQUITIES;EUR;A;AA EUR;EUR;REDEMPTION;185;18/01/2021;29085.7;29085.7;29085.7;1;31/03/2021;31/03/2021
343;LU1314011914;513385;TARENO FUNDS-VALUE-OPPORTUNITY EQUITIES;EUR;A;AA EUR;EUR;REDEMPTION;2510;15/01/2021;397985.6;397985.6;397985.6;1;31/03/2021;31/03/2021
