ID_MAN_CO;FUND_NUMBER;FUND_NAME;FUND_CCY;INSTRUMENT_ID;ISIN_CODE;TELEKURS_CODE;BLOOMBERG_CODE;ISSUER_CODE;ISSUER_NAME;GRINFIN;ASSET_GROUP;ASSET_PICTET_TYPE;SFI_TYPE;STRIKE;CONTRACT_SIZE;SECURITY_NAME;SECURITY_CCY;COUNTRY_CODE;COUNTRY_NAME;ECONOMIC_SECTOR_CODE;ECONOMIC_SECTOR_NAME;MATURITY_DATE;MKT_CODE;MIC_CODE;RATING_SP;RATING_MOODYS;RATING_FITCH;CUSTODIAN_CODE;CUSTODIAN_NAME;UNDERLYING_INSTR_ID;UNDERLYING_ISIN_CODE;UNDERLYING_TELEKURS_CODE;UNDERLYING_BLOOMBERG_CODE;UNDERLYING_MKT_CODE;UNDERLYING_MIC_CODE;UNDERLYING_GRINFIN;UNDERLYING_ASSET_GROUP;UNDERLYING_ASSET_PICTET_TYPE;UNDERLYING_SFI_TYPE;UNDERLYING_NAME;UNDERLYING_CCY;UNDERLYING_DATE_MATURITY;UNDERLYING_ISSUER;UNDERLYING_ISSUER_NAME;UNDERLYING_COUNTRY_CODE;UNDERLYING_COUNTRY_NAME;UNDERLYING_ECO_SECTOR_CODE;UNDERLYING_ECO_SECTOR_NAME;UNDERLYING_RATING_SP;UNDERLYING_RATING_MOODYS;UNDERLYING_RATING_FITCH;UNDERLYING_PRICE;QUANTITY;MARKET_PRICE;CALCUL_TYPE;MARKET_VALUE;MARKET_VALUE_FUND_CCY;FX_RATE_INV_FUND;FX_RATE_INV_EUR;DATE_VALORISATION;FLAG_FEEDER;ACCRUED_INTEREST;ACCRUED_INTEREST_FUND_CCY;ACCRUED_INTEREST_EUR;Reporting Period
343;513385;TARENO FUNDS-VALUE-OPPORTUNITY EQUITIES;EUR;05PIB722288KRWLU;KR7005931001;000722288000;005935 KP Equity;11435;SAMSUNG ELECTRONICS;eer;share;ord_sh;sfi_atyp_205;;1;SAMSUNG ELECTRONICS PFD -NVTG-;KRW;KR;SOUTH KOREA;42;ELECTRONICS & SEMICONDUCTORS;;SEO;XKRX;;;;2RL;;;;;;;;;;;;;;;;;;;;;;;;;43000;73000;1;3139000000;2359895.83;.000752;1;31/03/2021;N;0;0;0;31/03/2021
343;513385;TARENO FUNDS-VALUE-OPPORTUNITY EQUITIES;EUR;05PIBH14873HKDLU;CNE1000003X6;001714873000;2318 HK Equity;977865;PING AN INSURANCE GROUP CO OF CHINA;eer;share;ord_sh;sfi_atyp_202;;1;PING AN INSURANCE 'H';HKD;CN;CHINA;86;INSURANCE;;OTN;OOTC;;;;OJR;;;;;;;;;;;;;;;;;;;;;;;;;120000;92.55;1;11106000;1215457.66;.109442;1;31/03/2021;N;0;0;0;31/03/2021
343;513385;TARENO FUNDS-VALUE-OPPORTUNITY EQUITIES;EUR;05AIM00AF7MEURLU;DE000A161408;038694957000;HFG GF Equity;191367;HELLOFRESH;eeb;share;ord_sh;sfi_atyp_201;;1;HELLOFRESH;EUR;DE;GERMANY;61;FOOD & NO ALCOHOLIC BEVERAGE;;FRA;XFRA;;;;0OD;;;;;;;;;;;;;;;;;;;;;;;;;5200;63.6;1;330720;330720;1;1;31/03/2021;N;0;0;0;31/03/2021
343;513385;TARENO FUNDS-VALUE-OPPORTUNITY EQUITIES;EUR;05AIM008S2YEURLU;DE0006062144;029178035000;1COV GY Equity;182970;COVESTRO;eeb;share;ord_sh;sfi_atyp_201;;;COVESTRO;EUR;DE;GERMANY;35;CHEMICALS;;ETR;XETR;;;;0OD;;;;;;;;;;;;;;;;;;;;;;;;;7000;57.34;1;401380;401380;1;1;31/03/2021;N;0;0;0;31/03/2021
343;513385;TARENO FUNDS-VALUE-OPPORTUNITY EQUITIES;EUR;05PIB021591EURLU;FR0000121485;000021591000;KER FP Equity;1636;KERING;eer;share;ord_sh;sfi_atyp_202;;1;KERING;EUR;FR;FRANCE;76;RETAIL TRADE & DEPARTEMENT STORES;;EPA;XPAR;;;;33L;;;;;;;;;;;;;;;;;;;;;;;;;1100;588.6;1;647460;647460;1;1;31/03/2021;N;0;0;0;31/03/2021
343;513385;TARENO FUNDS-VALUE-OPPORTUNITY EQUITIES;EUR;05AIM001N7VUSDLU;US92826C8394;003826452000;V UN Equity;991711;VISA INC;eer;share;ord_sh;sfi_atyp_202;;1;VISA 'A';USD;US;U.S.A.;96;MISCELLANEOUS SERVICES;;FWTAT;;;;;OXP;;;;;;;;;;;;;;;;;;;;;;;;;2800;211.73;1;592844;504419.11;.850846;1;31/03/2021;N;0;0;0;31/03/2021
343;513385;TARENO FUNDS-VALUE-OPPORTUNITY EQUITIES;EUR;05AIM005OI4USDLU;US30303M1027;014917609000;FB UQ Equity;173483;FACEBOOK;eer;share;ord_sh;sfi_atyp_202;;1;FACEBOOK 'A';USD;US;U.S.A.;44;INTERNET, SOFTWARE & IT SERVICES;;SWX;XSWX;;;;OXP;;;;;;;;;;;;;;;;;;;;;;;;;6000;294.53;1;1767180;1503598.53;.850846;1;31/03/2021;N;0;0;0;31/03/2021
343;513385;TARENO FUNDS-VALUE-OPPORTUNITY EQUITIES;EUR;05AIM007WLDUSDLU;US01609W1027;024409862000;BABA UN Equity;179296;ALIBABA GROUP HOLDING;eer;share;ord_sh;sfi_atyp_202;;1;ALIBABA GROUP HOLDING -ADR SPONS.-;USD;KY;CAYMAN ISLANDS;96;MISCELLANEOUS SERVICES;;NYX;XNYS;;;;OXQ;;05NEX0007I3;KYG017191142;051116731000;9988 HK Equity;HKG;XHKG;eer;share;ord_sh;sfi_atyp_202;ALIBABA GROUP HOLDING;HKD;;179296;ALIBABA GROUP HOLDING;KY;CAYMAN ISLANDS;96;MISCELLANEOUS SERVICES;;;;220;5600;226.73;1;1269688;1080309.31;.850846;1;31/03/2021;N;0;0;0;31/03/2021
343;513385;TARENO FUNDS-VALUE-OPPORTUNITY EQUITIES;EUR;05AIM008RQRUSDLU;US02079K3059;029798540000;GOOGL UQ Equity;182972;ALPHABET;eer;share;ord_sh;sfi_atyp_202;;1;ALPHABET 'A';USD;US;U.S.A.;44;INTERNET, SOFTWARE & IT SERVICES;;FRA;XFRA;;;;OXP;;;;;;;;;;;;;;;;;;;;;;;;;200;2062.52;1;412504;350977.49;.850846;1;31/03/2021;N;0;0;0;31/03/2021
343;513385;TARENO FUNDS-VALUE-OPPORTUNITY EQUITIES;EUR;05PIB524773EURLU;FR0000120271;000524773000;FP FP Equity;3547;TOTAL SA;eer;share;ord_sh;sfi_atyp_202;;1;TOTAL;EUR;FR;FRANCE;34;PETROLEUM;;FWTAT;;;;;33L;;;;;;;;;;;;;;;;;;;;;;;;;26000;39.775;1;1034150;1034150;1;1;31/03/2021;N;0;0;0;31/03/2021
343;513385;TARENO FUNDS-VALUE-OPPORTUNITY EQUITIES;EUR;05PIBA26758NOKLU;NO0010031479;001026758000;DNB NO Equity;3082;DNB ASA;eer;share;ord_sh;sfi_atyp_202;;;DNB;NOK;NO;NORWAY;81;BANK & OTHER CREDIT INSTITUTIONS;;OSL;XOSL;;;;1OM;;;;;;;;;;;;;;;;;;;;;;;;;60000;182;1;10920000;1088432.57;.099673;1;31/03/2021;N;0;0;0;31/03/2021
343;513385;TARENO FUNDS-VALUE-OPPORTUNITY EQUITIES;EUR;05PIBE37573USDLU;US83088M1027;001437573000;SWKS UQ Equity;5217;SKYWORKS SOLUTIONS;eer;share;ord_sh;sfi_atyp_202;;;SKYWORKS SOLUTIONS;USD;US;U.S.A.;42;ELECTRONICS & SEMICONDUCTORS;;FWTAT;;;;;OXP;;;;;;;;;;;;;;;;;;;;;;;;;3500;183.48;1;642180;546396.46;.850846;1;31/03/2021;N;0;0;0;31/03/2021
343;513385;TARENO FUNDS-VALUE-OPPORTUNITY EQUITIES;EUR;05AIM008RQSUSDLU;US02079K1079;029798545000;GOOG UQ Equity;182972;ALPHABET;eer;share;ord_sh;sfi_atyp_202;;1;ALPHABET 'C' -NON VOTING-;USD;US;U.S.A.;44;INTERNET, SOFTWARE & IT SERVICES;;FRA;XFRA;;;;OXP;;;;;;;;;;;;;;;;;;;;;;;;;410;2068.63;1;848138.3;721635.32;.850846;1;31/03/2021;N;0;0;0;31/03/2021
343;513385;TARENO FUNDS-VALUE-OPPORTUNITY EQUITIES;EUR;05PIB983327USDLU;US92532F1003;000983327000;VRTX UQ Equity;11214;VERTEX PHARMACEUTIC;eer;share;ord_sh;sfi_atyp_202;;;VERTEX PHARMACEUTICALS;USD;US;U.S.A.;37;BIOTECHNOLOGY;;FWTAT;;;;;OXP;;;;;;;;;;;;;;;;;;;;;;;;;1100;214.89;1;236379;201122.19;.850846;1;31/03/2021;N;0;0;0;31/03/2021
343;513385;TARENO FUNDS-VALUE-OPPORTUNITY EQUITIES;EUR;05AIM006JDPNOKLU;NO0010331838;012708892000;NRS NO Equity;176493;NOR ROY SALMON;eer;share;ord_sh;sfi_atyp_202;;;NORWAY ROYAL SALMON;NOK;NO;NORWAY;61;FOOD & NO ALCOHOLIC BEVERAGE;;OSL;XOSL;;;;1OM;;;;;;;;;;;;;;;;;;;;;;;;;15037;203.8;1;3064540.6;305452.91;.099673;1;31/03/2021;N;0;0;0;31/03/2021
343;513385;TARENO FUNDS-VALUE-OPPORTUNITY EQUITIES;EUR;05AIM006VOZHKDLU;KYG2157Q1029;021907721000;2128 HK Equity;172320;CHINA LESSO GROUP HOLDINGS LTD;eer;share;ord_sh;sfi_atyp_202;;;CHINA LESSO GROUP HLDGS;HKD;KY;CAYMAN ISLANDS;48;MACHINERY & APPARELS;;P00123;;;;;OJR;;;;;;;;;;;;;;;;;;;;;;;;;940000;16.72;1;15716800;1720070.68;.109442;1;31/03/2021;N;0;0;0;31/03/2021
343;513385;TARENO FUNDS-VALUE-OPPORTUNITY EQUITIES;EUR;05AIM007G12GBPLU;JE00BG6L7297;023867514000;BOO LN Equity;188247;BOOHOO GROUP PLC;eer;share;ord_sh;sfi_atyp_202;;;BOOHOO GROUP;GBP;JE;JERSEY;44;INTERNET, SOFTWARE & IT SERVICES;;DIV;;;;;OUR;;;;;;;;;;;;;;;;;;;;;;;;;150000;3.4;1;510000;598695.63;1.173913;1;31/03/2021;N;0;0;0;31/03/2021
343;513385;TARENO FUNDS-VALUE-OPPORTUNITY EQUITIES;EUR;05AIM007H6EUSDLU;US8962881079;001075234000;TNET UN Equity;189338;TRINET GROUP;eer;share;ord_sh;sfi_atyp_202;;;TRINET GROUP;USD;US;U.S.A.;44;INTERNET, SOFTWARE & IT SERVICES;;RMC-P;;;;;OXP;;;;;;;;;;;;;;;;;;;;;;;;;5200;77.96;1;405392;344926.28;.850846;1;31/03/2021;N;0;0;0;31/03/2021
343;513385;TARENO FUNDS-VALUE-OPPORTUNITY EQUITIES;EUR;05AIM007Q9RTWDLU;TW0008436007;014928629000;8436 TT Equity;194951;TCI CO;eer;share;ord_sh;sfi_atyp_202;;1;TCI;TWD;TW;TAIWAN;61;FOOD & NO ALCOHOLIC BEVERAGE;;RMC-P;;;;;2TI;;;;;;;;;;;;;;;;;;;;;;;;;45000;216;1;9720000;289847.71;.02982;1;31/03/2021;N;0;0;0;31/03/2021
343;513385;TARENO FUNDS-VALUE-OPPORTUNITY EQUITIES;EUR;05AIM007QKLUSDLU;US6292093050;022566774000;NMIH UQ Equity;190796;NMI HLDGS;eer;share;ord_sh;sfi_atyp_202;;1;NMI HOLDINGS -A-;USD;US;U.S.A.;84;HOLDING & FINANCIAL TRUST;;F01346;;;;;OXP;;;;;;;;;;;;;;;;;;;;;;;;;11000;23.64;1;260040;221254.07;.850846;1;31/03/2021;N;0;0;0;31/03/2021
343;513385;TARENO FUNDS-VALUE-OPPORTUNITY EQUITIES;EUR;05AIM0083W8USDLU;US0367521038;026124340000;ANTM UN Equity;5083;ANTHEM;eer;share;ord_sh;sfi_atyp_202;;1;ANTHEM;USD;US;U.S.A.;88;HEALTHCARE & SOCIAL SERVICES;;RMC-P;;;;;OXP;;;;;;;;;;;;;;;;;;;;;;;;;1100;358.95;1;394845;335952.4;.850846;1;31/03/2021;N;0;0;0;31/03/2021
343;513385;TARENO FUNDS-VALUE-OPPORTUNITY EQUITIES;EUR;05AIM008I6AUSDLU;US06684L1035;027969490000;BZUN UQ Equity;188477;BAOZUN;eer;share;ord_sh;sfi_atyp_202;;;BAOZUN 'A' -ADR SPONS.-;USD;KY;CAYMAN ISLANDS;44;INTERNET, SOFTWARE & IT SERVICES;;NMS;XNAS;;;;OXQ;;;;;;;;;;;;;;;;;;;;;;;;;12000;38.14;1;457680;389415.33;.850846;1;31/03/2021;N;0;0;0;31/03/2021
343;513385;TARENO FUNDS-VALUE-OPPORTUNITY EQUITIES;EUR;05AIM009M0RUSDLU;US44109J1060;034531968000;TWNK UQ Equity;196677;HOSTESS BRANDS INC;eer;share;ord_sh;sfi_atyp_202;;;HOSTESS BRANDS 'A';USD;US;U.S.A.;61;FOOD & NO ALCOHOLIC BEVERAGE;;RMC-P;;;;;OXP;;;;;;;;;;;;;;;;;;;;;;;;;57000;14.34;1;817380;695464.73;.850846;1;31/03/2021;N;0;0;0;31/03/2021
343;513385;TARENO FUNDS-VALUE-OPPORTUNITY EQUITIES;EUR;05AIM00ARZPEURLU;DE000A2E4SV8;040894523000;CYR GY Equity;191103;CYAN AG;eeb;share;ord_sh;sfi_atyp_201;;;CYAN;EUR;DE;GERMANY;96;MISCELLANEOUS SERVICES;;ETR;XETR;;;;0OD;;;;;;;;;;;;;;;;;;;;;;;;;25000;12;1;300000;300000;1;1;31/03/2021;N;0;0;0;31/03/2021
343;513385;TARENO FUNDS-VALUE-OPPORTUNITY EQUITIES;EUR;05AIM00B1O9USDLU;US49271V1008;042514316000;KDP UQ Equity;992035;KEURIG DR PEPPER INC;eer;share;ord_sh;sfi_atyp_202;;1;KEURIG DR PEPPER;USD;US;U.S.A.;61;FOOD & NO ALCOHOLIC BEVERAGE;;NYX;XNYS;;;;OXP;;;;;;;;;;;;;;;;;;;;;;;;;20000;34.37;1;687400;584871.73;.850846;1;31/03/2021;N;0;0;0;31/03/2021
343;513385;TARENO FUNDS-VALUE-OPPORTUNITY EQUITIES;EUR;05AIM00BM72GBPLU;GB00BG11K365;046858788000;RDW LN Equity;4327;REDROW;eer;share;ord_sh;sfi_atyp_202;;;REDROW;GBP;GB;UNITED KINGDOM;29;BUILDING MATERIALS & BUILDING INDUSTRY;;LON;XLON;;;;OUR;;;;;;;;;;;;;;;;;;;;;;;;;204761;6.28;1;1285899.08;1509533.65;1.173913;1;31/03/2021;N;0;0;0;31/03/2021
343;513385;TARENO FUNDS-VALUE-OPPORTUNITY EQUITIES;EUR;05NEX000Q96SEKLU;SE0014504817;055405230000;LOOMIS SS Equity;993630;LOOMIS;eer;share;ord_sh;sfi_atyp_202;;;LOOMIS;SEK;SE;SWEDEN;89;TRAFFIC & TRANSPORTATION;;DIV;;;;;2YT;;;;;;;;;;;;;;;;;;;;;;;;;30000;265.6;1;7968000;777800.57;.097616;1;31/03/2021;N;0;0;0;31/03/2021
343;513385;TARENO FUNDS-VALUE-OPPORTUNITY EQUITIES;EUR;05NEX000RGTEURLU;BE0974362940;055641043000;BAR BB Equity;4313;BARCO;eer;share;ord_sh;sfi_atyp_202;;;BARCO;EUR;BE;BELGIUM;44;INTERNET, SOFTWARE & IT SERVICES;;BEX-P;;;;;OM4;;;;;;;;;;;;;;;;;;;;;;;;;14000;20.01;1;280140;280140;1;1;31/03/2021;N;0;0;0;31/03/2021
343;513385;TARENO FUNDS-VALUE-OPPORTUNITY EQUITIES;EUR;05NEX002A1HGBPLU;GB00BLDRH360;057624217000;OSB LN Equity;200992;OSB GROUP PLC;eer;share;ord_sh;sfi_atyp_202;;1;OSB GROUP;GBP;GB;UNITED KINGDOM;84;HOLDING & FINANCIAL TRUST;;LON;XLON;;;;OUR;;;;;;;;;;;;;;;;;;;;;;;;;300000;4.262;1;1278600;1500965.16;1.173913;1;31/03/2021;N;0;0;0;31/03/2021
343;513385;TARENO FUNDS-VALUE-OPPORTUNITY EQUITIES;EUR;05PIB089796USDLU;US90328M1071;000089796000;USNA UN Equity;180055;USANA HEALTH SCIENCES;eer;share;ord_sh;sfi_atyp_202;;1;USANA HEALTH SCIENCES;USD;US;U.S.A.;61;FOOD & NO ALCOHOLIC BEVERAGE;;FWTAT;;;;;OXP;;;;;;;;;;;;;;;;;;;;;;;;;30000;97.6;1;2928000;2491277.91;.850846;1;31/03/2021;N;0;0;0;31/03/2021
343;513385;TARENO FUNDS-VALUE-OPPORTUNITY EQUITIES;EUR;05PIB982101USDLU;US9139031002;000982101000;UHS UN Equity;999717;UNIVERSAL HEALTH SERVICES;eer;share;ord_sh;sfi_atyp_202;;;UNIVERSAL HEALTH SERVICES 'B';USD;US;U.S.A.;88;HEALTHCARE & SOCIAL SERVICES;;FWTAT;;;;;OXP;;;;;;;;;;;;;;;;;;;;;;;;;2200;133.39;1;293458;249687.65;.850846;1;31/03/2021;N;0;0;0;31/03/2021
343;513385;TARENO FUNDS-VALUE-OPPORTUNITY EQUITIES;EUR;05AIM008KABUSDLU;US61174X1090;028524330000;MNST UQ Equity;181945;MONSTER BEVERAGE;eer;share;ord_sh;sfi_atyp_202;;1;MONSTER BEVERAGE;USD;US;U.S.A.;84;HOLDING & FINANCIAL TRUST;;P00123;;;;;OXP;;;;;;;;;;;;;;;;;;;;;;;;;4800;91.09;1;437232;372017.22;.850846;1;31/03/2021;N;0;0;0;31/03/2021
343;513385;TARENO FUNDS-VALUE-OPPORTUNITY EQUITIES;EUR;05PIB072015USDLU;US0200021014;000072015000;ALL UN Equity;3516;ALLSTATE;eer;share;ord_sh;sfi_atyp_202;;;ALLSTATE;USD;US;U.S.A.;86;INSURANCE;;FWTAT;;;;;OXP;;;;;;;;;;;;;;;;;;;;;;;;;12000;114.9;1;1378800;1173146.85;.850846;1;31/03/2021;N;0;0;0;31/03/2021
343;513385;TARENO FUNDS-VALUE-OPPORTUNITY EQUITIES;EUR;05PIB293557EURLU;FR0000131906;000293557000;RNO FP Equity;8536;RENAULT SA;eer;share;ord_sh;sfi_atyp_202;;;RENAULT;EUR;FR;FRANCE;50;VEHICLES;;EPA;XPAR;;;;33L;;;;;;;;;;;;;;;;;;;;;;;;;60000;36.93;1;2215800;2215800;1;1;31/03/2021;N;0;0;0;31/03/2021
343;513385;TARENO FUNDS-VALUE-OPPORTUNITY EQUITIES;EUR;05PIB566162USDLU;US74834L1008;000566162000;DGX UN Equity;9731;QUEST DIAGNOSTICS;eer;share;ord_sh;sfi_atyp_202;;1;QUEST DIAGNOSTICS;USD;US;U.S.A.;66;PHARMACEUTICALS AND COSMETICS;;FWTAT;;;;;OXP;;;;;;;;;;;;;;;;;;;;;;;;;3500;128.34;1;449190;382191.64;.850846;1;31/03/2021;N;0;0;0;31/03/2021
343;513385;TARENO FUNDS-VALUE-OPPORTUNITY EQUITIES;EUR;05PIB812970EURLU;BE0003764785;000812970000;ACKB BB Equity;7993;ACKERMANS & V HAAREN NV;eer;share;ord_sh;sfi_atyp_202;;1;ACKERMANS & VAN HAAREN;EUR;BE;BELGIUM;84;HOLDING & FINANCIAL TRUST;;EPA;XPAR;;;;OM4;;;;;;;;;;;;;;;;;;;;;;;;;4700;135.6;1;637320;637320;1;1;31/03/2021;N;0;0;0;31/03/2021
343;513385;TARENO FUNDS-VALUE-OPPORTUNITY EQUITIES;EUR;05PIB832556GBPLU;GB0001859296;000832556000;VTY LN Equity;12933;VISTRY GROUP PLC;eer;share;ord_sh;sfi_atyp_202;;;VISTRY GROUP;GBP;GB;UNITED KINGDOM;29;BUILDING MATERIALS & BUILDING INDUSTRY;;FWTAT;;;;;OUR;;;;;;;;;;;;;;;;;;;;;;;;;59893;10.92;1;654031.56;767776.15;1.173913;1;31/03/2021;N;0;0;0;31/03/2021
343;513385;TARENO FUNDS-VALUE-OPPORTUNITY EQUITIES;EUR;05PIBD85033USDLU;US78442P1066;001385033000;SLM UQ Equity;179569;SLM;eer;share;ord_sh;sfi_atyp_202;;1;SLM;USD;US;U.S.A.;84;HOLDING & FINANCIAL TRUST;;ASE;XASE;;;;OXP;;;;;;;;;;;;;;;;;;;;;;;;;100000;17.97;1;1797000;1528970.77;.850846;1;31/03/2021;N;0;0;0;31/03/2021
343;513385;TARENO FUNDS-VALUE-OPPORTUNITY EQUITIES;EUR;05AIM009AKUEURLU;NL0011872643;032745332000;ASRNL NA Equity;176113;ASR NEDERLAND;eer;share;ord_sh;sfi_atyp_202;;;ASR NEDERLAND;EUR;NL;NETHERLANDS;86;INSURANCE;;EAM;XAMS;;;;OM2;;;;;;;;;;;;;;;;;;;;;;;;;28000;38.21;1;1069880;1069880;1;1;31/03/2021;N;0;0;0;31/03/2021
343;513385;TARENO FUNDS-VALUE-OPPORTUNITY EQUITIES;EUR;05PIB123397EURLU;FR0000131104;000123397000;BNP FP Equity;3793;BNP PARIBAS SA;eer;share;ord_sh;sfi_atyp_202;;1;BNP PARIBAS 'A';EUR;FR;FRANCE;81;BANK & OTHER CREDIT INSTITUTIONS;;FWTAT;;;;;33L;;;;;;;;;;;;;;;;;;;;;;;;;32000;51.88;1;1660160;1660160;1;1;31/03/2021;N;0;0;0;31/03/2021
343;513385;TARENO FUNDS-VALUE-OPPORTUNITY EQUITIES;EUR;05AIM00614TUSDLU;US6092071058;019549948000;MDLZ UQ Equity;4636;MONDELEZ INTERNATIONAL INC;eer;share;ord_sh;sfi_atyp_202;;1;MONDELEZ INTERNATIONAL 'A';USD;US;U.S.A.;61;FOOD & NO ALCOHOLIC BEVERAGE;;NYX;XNYS;;;;OXP;;;;;;;;;;;;;;;;;;;;;;;;;9200;58.53;1;538476;458160.3;.850846;1;31/03/2021;N;0;0;0;31/03/2021
343;513385;TARENO FUNDS-VALUE-OPPORTUNITY EQUITIES;EUR;05AIM007SNCUSDLU;US87165B1035;023967617000;SYF UN Equity;179526;SYNCHRONY FINANCIAL;eer;share;ord_sh;sfi_atyp_202;;;SYNCHRONY FINANCIAL;USD;US;U.S.A.;84;HOLDING & FINANCIAL TRUST;;NYX;XNYS;;;;OXP;;;;;;;;;;;;;;;;;;;;;;;;;31000;40.66;1;1260460;1072457.7;.850846;1;31/03/2021;N;0;0;0;31/03/2021
343;513385;TARENO FUNDS-VALUE-OPPORTUNITY EQUITIES;EUR;05AIM0088WWUSDLU;IE00BTN1Y115;025187155000;MDT UN Equity;180124;MEDTRONIC PLC (IRELAND);eer;share;ord_sh;sfi_atyp_202;;1;MEDTRONIC;USD;IE;IRELAND;66;PHARMACEUTICALS AND COSMETICS;;SHA;XSHG;;;;OXQ;;;;;;;;;;;;;;;;;;;;;;;;;2500;118.13;1;295325;251276.18;.850846;1;31/03/2021;N;0;0;0;31/03/2021
343;513385;TARENO FUNDS-VALUE-OPPORTUNITY EQUITIES;EUR;05PIB979428USDLU;US9024941034;000979428000;TSN UN Equity;14115;TYSON FOODS;eer;share;ord_sh;sfi_atyp_202;;;TYSON FOODS 'A';USD;US;U.S.A.;61;FOOD & NO ALCOHOLIC BEVERAGE;;FWTAT;;;;;OXP;;;;;;;;;;;;;;;;;;;;;;;;;16000;74.3;1;1188800;1011486.06;.850846;1;31/03/2021;N;0;0;0;31/03/2021
343;513385;TARENO FUNDS-VALUE-OPPORTUNITY EQUITIES;EUR;05PIB943981USDLU;US4781601046;000943981000;JNJ UN Equity;13916;JOHNSON & JOHNSON;eer;share;ord_sh;sfi_atyp_202;;;JOHNSON & JOHNSON;USD;US;U.S.A.;66;PHARMACEUTICALS AND COSMETICS;;FRA;XFRA;;;;OXP;;;;;;;;;;;;;;;;;;;;;;;;;6400;164.35;1;1051840;894954.15;.850846;1;31/03/2021;N;0;0;0;31/03/2021
343;513385;TARENO FUNDS-VALUE-OPPORTUNITY EQUITIES;EUR;05PIB941595USDLU;US4581401001;000941595000;INTC UQ Equity;13904;INTEL;eer;share;ord_sh;sfi_atyp_202;;1;INTEL;USD;US;U.S.A.;42;ELECTRONICS & SEMICONDUCTORS;;B99997;;;;;OXP;;;;;;;;;;;;;;;;;;;;;;;;;21000;64;1;1344000;1143537.4;.850846;1;31/03/2021;N;0;0;0;31/03/2021
343;513385;TARENO FUNDS-VALUE-OPPORTUNITY EQUITIES;EUR;05PIBS21615USDLU;US1717793095;002721615000;CIEN UN Equity;9899;CIENA;eer;share;ord_sh;sfi_atyp_202;;;CIENA;USD;US;U.S.A.;94;TELECOMMUNICATION;;NYX;XNYS;;;;OXP;;;;;;;;;;;;;;;;;;;;;;;;;7000;54.72;1;383040;325908.16;.850846;1;31/03/2021;N;0;0;0;31/03/2021
343;513385;TARENO FUNDS-VALUE-OPPORTUNITY EQUITIES;EUR;05PIBR32042GBPLU;GB00B1722W11;002632042000;JET2 LN Equity;194759;JET2 PLC;eer;share;ord_sh;sfi_atyp_202;;;JET2;GBP;GB;UNITED KINGDOM;89;TRAFFIC & TRANSPORTATION;;LON;XLON;;;;OUR;;;;;;;;;;;;;;;;;;;;;;;;;47000;12.68;1;595960;699605.19;1.173913;1;31/03/2021;N;0;0;0;31/03/2021
343;513385;TARENO FUNDS-VALUE-OPPORTUNITY EQUITIES;EUR;05PIBD13733USDLU;US15135B1017;001313733000;CNC UN Equity;980069;CENTENE CORP;eer;share;ord_sh;sfi_atyp_202;;;CENTENE;USD;US;U.S.A.;88;HEALTHCARE & SOCIAL SERVICES;;FWTAT;;;;;OXP;;;;;;;;;;;;;;;;;;;;;;;;;6000;63.91;1;383460;326265.51;.850846;1;31/03/2021;N;0;0;0;31/03/2021
343;513385;TARENO FUNDS-VALUE-OPPORTUNITY EQUITIES;EUR;05PIB209076USDLU;US5763231090;000209076000;MTZ UN Equity;5912;MASTEC;eer;share;ord_sh;sfi_atyp_202;;;MASTEC;USD;US;U.S.A.;41;ELECTRICAL APLLIANCES & COMPONENTS;;FWTAT;;;;;OXP;;;;;;;;;;;;;;;;;;;;;;;;;12000;93.7;1;1124400;956691.56;.850846;1;31/03/2021;N;0;0;0;31/03/2021
343;513385;TARENO FUNDS-VALUE-OPPORTUNITY EQUITIES;EUR;05PIB340436USDLU;US45765U1034;000340436000;NSIT UQ Equity;193674;INSIGHT ENTERPRISES;eer;share;ord_sh;sfi_atyp_202;;;INSIGHT ENTERPRISES;USD;US;U.S.A.;76;RETAIL TRADE & DEPARTEMENT STORES;;NYX;XNYS;;;;OXP;;;;;;;;;;;;;;;;;;;;;;;;;33000;95.42;1;3148860;2679195.82;.850846;1;31/03/2021;N;0;0;0;31/03/2021
343;513385;TARENO FUNDS-VALUE-OPPORTUNITY EQUITIES;EUR;05PIB350549NOKLU;NO0006000801;000350549000;NONG NO Equity;992116;SPAREBANK 1 NORD-NORGE;eer;share;ord_sh;sfi_atyp_202;;1;SPAREBANK 1 NORD-NORGE;NOK;NO;NORWAY;81;BANK & OTHER CREDIT INSTITUTIONS;;OSL;XOSL;;;;1OM;;;;;;;;;;;;;;;;;;;;;;;;;116000;81.6;1;9465600;943467.71;.099673;1;31/03/2021;N;0;0;0;31/03/2021
343;513385;TARENO FUNDS-VALUE-OPPORTUNITY EQUITIES;EUR;05PIB382547CADLU;CA01626P4033;000382547000;ATD/B CT Equity;999887;ALIMENTATION COUCHE-TARD;eer;share;ord_sh;sfi_atyp_202;;;ALIMENTATION COUCHE 'B' -SUB-VTG-;CAD;CA;CANADA;76;RETAIL TRADE & DEPARTEMENT STORES;;TOR;XTSE;;;;OLG;;;;;;;;;;;;;;;;;;;;;;;;;40000;40.52;1;1620800;1097227.8;.676967;1;31/03/2021;N;0;0;0;31/03/2021
343;513385;TARENO FUNDS-VALUE-OPPORTUNITY EQUITIES;EUR;05PIB442161EURLU;BE0003599108;000442161000;IMMO BB Equity;8047;IMMOBEL;eer;share;ord_sh;sfi_atyp_202;;1;IMMOBILIERE DE BELGIQUE -IMMOBEL-;EUR;BE;BELGIUM;57;REAL ESTATE;;EPA;XPAR;;;;OM4;;;;;;;;;;;;;;;;;;;;;;;;;15750;64.6;1;1017450;1017450;1;1;31/03/2021;N;0;0;0;31/03/2021
343;513385;TARENO FUNDS-VALUE-OPPORTUNITY EQUITIES;EUR;05PIB510272EURLU;SI0031102120;000510272000;KRKG SV Equity;8911;KRKA;eer;share;ord_sh;sfi_atyp_202;;1;KRKA;EUR;SI;SLOVENIA;66;PHARMACEUTICALS AND COSMETICS;;EAM;XAMS;;;;V18;;;;;;;;;;;;;;;;;;;;;;;;;10000;94.6;1;946000;946000;1;1;31/03/2021;N;0;0;0;31/03/2021
343;513385;TARENO FUNDS-VALUE-OPPORTUNITY EQUITIES;EUR;05PIB672744EURLU;FR0000036675;000672744000;CEN FP Equity;984646;GROUPE CRIT;eer;share;ord_sh;sfi_atyp_202;;1;GROUPE CRIT;EUR;FR;FRANCE;96;MISCELLANEOUS SERVICES;;EPA;XPAR;;;;33L;;;;;;;;;;;;;;;;;;;;;;;;;15703;70;1;1099210;1099210;1;1;31/03/2021;N;0;0;0;31/03/2021
343;513385;TARENO FUNDS-VALUE-OPPORTUNITY EQUITIES;EUR;05PIB724212HKDLU;CNE1000001W2;000724212000;914 HK Equity;11479;ANHUI CONCH CEMENT CO LTD;eer;share;ord_sh;sfi_atyp_202;;;ANHUI CONCH CEMENT 'H';HKD;CN;CHINA;29;BUILDING MATERIALS & BUILDING INDUSTRY;;FRA;XFRA;;;;OJR;;;;;;;;;;;;;;;;;;;;;;;;;310000;50.55;1;15670500;1715003.53;.109442;1;31/03/2021;N;0;0;0;31/03/2021
343;513385;TARENO FUNDS-VALUE-OPPORTUNITY EQUITIES;EUR;05PIB761500JPYLU;JP3116000005;000761500000;2502 JT Equity;12217;ASAHI GROUP HOLDINGS;eer;share;ord_sh;sfi_atyp_202;;;ASAHI GROUP HOLDINGS;JPY;JP;JAPAN;64;ALCOHOL & TOBACCO;;TYO;XTKS;;;;0W2;;;;;;;;;;;;;;;;;;;;;;;;;20000;4665;1;93300000;718406.47;.0077;1;31/03/2021;N;0;0;0;31/03/2021
343;513385;TARENO FUNDS-VALUE-OPPORTUNITY EQUITIES;EUR;05PIB763280JPYLU;JP3347200002;000763280000;4507 JT Equity;12411;SHIONOGI & CO LTD;eer;share;ord_sh;sfi_atyp_202;;;SHIONOGI;JPY;JP;JAPAN;66;PHARMACEUTICALS AND COSMETICS;;TYO;XTKS;;;;0W2;;;;;;;;;;;;;;;;;;;;;;;;;5200;5952;1;30950400;238316.91;.0077;1;31/03/2021;N;0;0;0;31/03/2021
343;513385;TARENO FUNDS-VALUE-OPPORTUNITY EQUITIES;EUR;05PIB764030JPYLU;JP3942400007;000764030000;4503 JT Equity;12051;ASTELLAS PHARMA;eer;share;ord_sh;sfi_atyp_202;;;ASTELLAS PHARMA;JPY;JP;JAPAN;66;PHARMACEUTICALS AND COSMETICS;;TYO;XTKS;;;;0W2;;;;;;;;;;;;;;;;;;;;;;;;;18200;1702;1;30976400;238517.11;.0077;1;31/03/2021;N;0;0;0;31/03/2021
343;513385;TARENO FUNDS-VALUE-OPPORTUNITY EQUITIES;EUR;05PIB928683KRWLU;KR7021240007;000928683000;021240 KP Equity;994055;COWAY CO LTD;eer;share;ord_sh;sfi_atyp_202;;1;COWAY CO;KRW;KR;SOUTH KOREA;41;ELECTRICAL APLLIANCES & COMPONENTS;;SEO;XKRX;;;;2RL;;;;;;;;;;;;;;;;;;;;;;;;;16000;65500;1;1048000000;787884.94;.000752;1;31/03/2021;N;0;0;0;31/03/2021
343;513385;TARENO FUNDS-VALUE-OPPORTUNITY EQUITIES;EUR;05PIBB86011USDLU;US5895841014;001186011000;VIVO UQ Equity;991498;MERIDIAN BIOSCIENCE;eer;share;ord_sh;sfi_atyp_202;;1;MERIDIAN BIOSCIENCE;USD;US;U.S.A.;66;PHARMACEUTICALS AND COSMETICS;;FWTAT;;;;;OXP;;;;;;;;;;;;;;;;;;;;;;;;;15000;26.25;1;393750;335020.72;.850846;1;31/03/2021;N;0;0;0;31/03/2021
343;513385;TARENO FUNDS-VALUE-OPPORTUNITY EQUITIES;EUR;05PIBB90932USDLU;US58470H1014;001190932000;MED UN Equity;189824;MEDIFAST;eer;share;ord_sh;sfi_atyp_202;;;MEDIFAST;USD;US;U.S.A.;76;RETAIL TRADE & DEPARTEMENT STORES;;NYX;XNYS;;;;OXP;;;;;;;;;;;;;;;;;;;;;;;;;15000;211.82;1;3177300;2703393.89;.850846;1;31/03/2021;N;0;0;0;31/03/2021
343;513385;TARENO FUNDS-VALUE-OPPORTUNITY EQUITIES;EUR;05AIM004CQVEURLU;GRS294003009;012275430000;FFGRP GA Equity;13528;FOLLI FOLLIE GR;eer;share;ord_sh;sfi_atyp_503;;1;FOLLI FOLLIE;EUR;GR;GREECE;76;RETAIL TRADE & DEPARTEMENT STORES;;P00000;;;;;2T7;;;;;;;;;;;;;;;;;;;;;;;;;18000;0;1;0;0;1;1;31/03/2021;N;0;0;0;31/03/2021
343;513385;TARENO FUNDS-VALUE-OPPORTUNITY EQUITIES;EUR;05AIM004O32EURLU;DE000A0Z23Q5;010467159000;ADN1 GY Equity;3820;ADESSO;eeb;share;ord_sh;sfi_atyp_202;;1;ADESSO;EUR;DE;GERMANY;44;INTERNET, SOFTWARE & IT SERVICES;;ETR;XETR;;;;0OD;;;;;;;;;;;;;;;;;;;;;;;;;10000;108.5;1;1085000;1085000;1;1;31/03/2021;N;0;0;0;31/03/2021
343;513385;TARENO FUNDS-VALUE-OPPORTUNITY EQUITIES;EUR;05AIM005B6JTWDLU;KYG6892A1085;013758232000;4966 TT Equity;176963;PARADE TECHNOLOGIES;eer;share;ord_sh;sfi_atyp_202;;;PARADE TECHNOLOGIES;TWD;KY;CAYMAN ISLANDS;42;ELECTRONICS & SEMICONDUCTORS;;FWTAT;;;;;2TI;;;;;;;;;;;;;;;;;;;;;;;;;30000;1225;1;36750000;1095874.84;.02982;1;31/03/2021;N;0;0;0;31/03/2021
343;513385;TARENO FUNDS-VALUE-OPPORTUNITY EQUITIES;EUR;05AIM007JEFUSDLU;US9485961018;023986224000;WB UQ Equity;185578;WEIBO;eer;share;ord_sh;sfi_atyp_202;;1;WEIBO 'A' -ADR SPONS.-;USD;KY;CAYMAN ISLANDS;44;INTERNET, SOFTWARE & IT SERVICES;;P00099;;;;;OXQ;;05AIM007JEG;ZZ00AAAAN0 0;023987272000;WB UQ Equity;NMS;XNAS;eer;share;ord_sh;sfi_atyp_202;WEIBO 'A';USD;;185578;WEIBO;KY;CAYMAN ISLANDS;44;INTERNET, SOFTWARE & IT SERVICES;;;;50.46;9000;50.46;1;454140;386403.33;.850846;1;31/03/2021;N;0;0;0;31/03/2021
343;513385;TARENO FUNDS-VALUE-OPPORTUNITY EQUITIES;EUR;05PIB279330TWDLU;TW0002330008;000279330000;2330 TT Equity;6354;TAIWAN SEMICON;eer;share;ord_sh;sfi_atyp_202;;;TAIWAN SEMICONDUCTOR MANUFACTUR.;TWD;TW;TAIWAN;42;ELECTRONICS & SEMICONDUCTORS;;FWTAT;;;;;2TI;;;;;;;;;;;;;;;;;;;;;;;;;100000;587;1;58700000;1750417.77;.02982;1;31/03/2021;N;0;0;0;31/03/2021
343;513385;TARENO FUNDS-VALUE-OPPORTUNITY EQUITIES;EUR;05AIM0097UQTWDLU;TW0008464009;026532217000;8464 TT Equity;184890;NIEN MADE;eer;share;ord_sh;sfi_atyp_202;;1;NIEN MADE ENTERPRISE;TWD;TW;TAIWAN;79;MISCELLANEOUS TRADING COMPANIES;;P00123;;;;;2TI;;;;;;;;;;;;;;;;;;;;;;;;;30000;398;1;11940000;356047.5;.02982;1;31/03/2021;N;0;0;0;31/03/2021
343;513385;TARENO FUNDS-VALUE-OPPORTUNITY EQUITIES;EUR;05AIM00AMC0USDLU;US5288771034;039164713000;LX UQ Equity;191350;LEXINFINTECH HOLDINGS LTD;eer;share;ord_sh;sfi_atyp_202;;1;LEXINFINTECH HOLDINGS -ADR SPONS.-;USD;KY;CAYMAN ISLANDS;84;HOLDING & FINANCIAL TRUST;;NMS;XNAS;;;;OXQ;;05AIM00AMC4;KYG5470L1068;039163818000;1557717D CG Equity;DIV;;eer;share;ord_sh;sfi_atyp_202;LEXINFINTECH HOLDINGS 'A';USD;;191350;LEXINFINTECH HOLDINGS LTD;KY;CAYMAN ISLANDS;84;HOLDING & FINANCIAL TRUST;;;;0;40000;10.06;1;402400;342380.54;.850846;1;31/03/2021;N;0;0;0;31/03/2021
343;513385;TARENO FUNDS-VALUE-OPPORTUNITY EQUITIES;EUR;05AIM00AUXETWDLU;TW0006669005;039034189000;6669 TT Equity;191341;WIWYNN CORP;eer;share;ord_sh;sfi_atyp_202;;1;WIWYNN;TWD;TW;TAIWAN;42;ELECTRONICS & SEMICONDUCTORS;;P00099;;;;;2TI;;;;;;;;;;;;;;;;;;;;;;;;;15000;843;1;12645000;377070.4;.02982;1;31/03/2021;N;0;0;0;31/03/2021
343;513385;TARENO FUNDS-VALUE-OPPORTUNITY EQUITIES;EUR;05NEX0029POUSDLU;US74319R1014;058406779000;PRG-W UN Equity;201338;PROG HOLDINGS INC;eer;share;ord_sh;sfi_atyp_202;;1;PROG HOLDINGS;USD;US;U.S.A.;81;BANK & OTHER CREDIT INSTITUTIONS;;USX-P;;;;;OXP;;;;;;;;;;;;;;;;;;;;;;;;;10000;43.29;1;432900;368331.36;.850846;1;31/03/2021;N;0;0;0;31/03/2021
343;513385;TARENO FUNDS-VALUE-OPPORTUNITY EQUITIES;EUR;05PIB978759TWDLU;TW0002383007;000978759000;2383 TT Equity;988392;ELITE MATERIAL;eer;share;ord_sh;sfi_atyp_202;;1;ELITE MATERIAL;TWD;TW;TAIWAN;41;ELECTRICAL APLLIANCES & COMPONENTS;;FWTAT;;;;;2TI;;;;;;;;;;;;;;;;;;;;;;;;;65000;169;1;10985000;327569.66;.02982;1;31/03/2021;N;0;0;0;31/03/2021
343;513385;TARENO FUNDS-VALUE-OPPORTUNITY EQUITIES;EUR;05PIBC38076JPYLU;JP3827800008;001238076000;4848 JT Equity;977128;FULLCAST HOLD.;eer;share;ord_sh;sfi_atyp_202;;1;FULLCAST HOLDINGS;JPY;JP;JAPAN;84;HOLDING & FINANCIAL TRUST;;FWTAT;;;;;0W2;;;;;;;;;;;;;;;;;;;;;;;;;33000;1998;1;65934000;507689.31;.0077;1;31/03/2021;N;0;0;0;31/03/2021
343;513385;TARENO FUNDS-VALUE-OPPORTUNITY EQUITIES;EUR;05PIBK35949TWDLU;TW0003406005;002035949000;3406 TT Equity;172073;GENIUS ELECT;eer;share;ord_sh;sfi_atyp_202;;1;GENIUS ELECTRONICS OPTICAL;TWD;TW;TAIWAN;42;ELECTRONICS & SEMICONDUCTORS;;FWTAT;;;;;2TI;;;;;;;;;;;;;;;;;;;;;;;;;20000;484;1;9680000;288654.92;.02982;1;31/03/2021;N;0;0;0;31/03/2021
