ID_MAN_CO;FA_NUM;FUND_NAME;RANK;REGISTER_NUMBER;REGISTER_TITLE;AMOUNT_INVESTED;PERCENTAGE_INMATE;INVESTOR_COUNTRY;TNA_FUND;FUND_CCY;DATE_NAV;Reporting Period
343;513385;TARENO FUNDS-VALUE-OPPORTUNITY EQUITIES;1;1769;REGULATED FINANCIAL INSTITUTION;16513386.328987;25.684132%;LUXEMBOURG;64294119.33;EUR;31/03/2021;31/03/2021
343;513385;TARENO FUNDS-VALUE-OPPORTUNITY EQUITIES;2;4;SUBSIDIARY BRANCH OF A RFI;15233591.471224;23.6936%;BELGIUM;64294119.33;EUR;31/03/2021;31/03/2021
343;513385;TARENO FUNDS-VALUE-OPPORTUNITY EQUITIES;3;8908;REGULATED FINANCIAL INSTITUTION;8419254.245039;13.094906%;LUXEMBOURG;64294119.33;EUR;31/03/2021;31/03/2021
343;513385;TARENO FUNDS-VALUE-OPPORTUNITY EQUITIES;4;11306;REGULATED FINANCIAL INSTITUTION;8083430.111071;12.572581%;LUXEMBOURG;64294119.33;EUR;31/03/2021;31/03/2021
343;513385;TARENO FUNDS-VALUE-OPPORTUNITY EQUITIES;5;1358;REGULATED FINANCIAL INSTITUTION;7287710.561296;11.334957%;LUXEMBOURG;64294119.33;EUR;31/03/2021;31/03/2021
