ID_MAN_CO;REGISTER_NUMBER;REGISTER_TITLE;AIFMD_CLASSIFICATION;INVESTOR_COUNTRY;INVESTOR_TAX_RESIDENCE;FA_NUMBER;FUND_NAME;FUND_CCY;SHARE_CLASS_CODE;SHARE_CLASS_CCY;ISIN_CODE;QUANTITY;PRICE_PER_SHARE;AMOUNT_SC_CCY;COURS_CHANGE;CLASSIF_TA_RKS;Reporting Period
343;167;REGULATED FINANCIAL INSTITUTION;Client professionnel;LUXEMBOURG;LUXEMBOURG;513385;TARENO FUNDS-VALUE-OPPORTUNITY EQUITIES;EUR;C;EUR;LU1148177246;457.33;136.352184;62357.944176;1;BANK;31/03/2021
343;167;REGULATED FINANCIAL INSTITUTION;Client professionnel;LUXEMBOURG;LUXEMBOURG;513385;TARENO FUNDS-VALUE-OPPORTUNITY EQUITIES;EUR;B;EUR;LU1314012052;373.99;170.303545;63691.822681;1;BANK;31/03/2021
343;5190;REGULATED FINANCIAL INSTITUTION;Client professionnel;LUXEMBOURG;LUXEMBOURG;513385;TARENO FUNDS-VALUE-OPPORTUNITY EQUITIES;EUR;C;EUR;LU1148177246;175;136.352184;23861.632149;1;BANK;31/03/2021
343;20;REGULATED FINANCIAL INSTITUTION;Client professionnel;LUXEMBOURG;LUXEMBOURG;513385;TARENO FUNDS-VALUE-OPPORTUNITY EQUITIES;EUR;B;EUR;LU1314012052;1995;170.303545;339755.57167;1;BANK;31/03/2021
343;4;SUBSIDIARY BRANCH OF A RFI;Client de contrepartie �ligible;BELGIUM;BELGIUM;513385;TARENO FUNDS-VALUE-OPPORTUNITY EQUITIES;EUR;A;EUR;LU1314011914;87992.3615;173.124021;15233591.471224;1;OFIN;31/03/2021
343;1260;REGULATED FINANCIAL INSTITUTION;Client professionnel;LUXEMBOURG;LUXEMBOURG;513385;TARENO FUNDS-VALUE-OPPORTUNITY EQUITIES;EUR;A;EUR;LU1314011914;1880;173.124021;325473.160144;1;OFIN;31/03/2021
343;12245;REGULATED FINANCIAL INSTITUTION;Client professionnel;LUXEMBOURG;LUXEMBOURG;513385;TARENO FUNDS-VALUE-OPPORTUNITY EQUITIES;EUR;A;EUR;LU1314011914;175;173.124021;30296.703737;1;BANK;31/03/2021
343;11306;REGULATED FINANCIAL INSTITUTION;Client professionnel;LUXEMBOURG;LUXEMBOURG;513385;TARENO FUNDS-VALUE-OPPORTUNITY EQUITIES;EUR;A;EUR;LU1314011914;46691.557;173.124021;8083430.111071;1;BANK;31/03/2021
343;16549;REGULATED FINANCIAL INSTITUTION;Client professionnel;BELGIUM;BELGIUM;513385;TARENO FUNDS-VALUE-OPPORTUNITY EQUITIES;EUR;A;EUR;LU1314011914;900;173.124021;155811.619218;1;OFIN;31/03/2021
343;8908;REGULATED FINANCIAL INSTITUTION;Client professionnel;LUXEMBOURG;LUXEMBOURG;513385;TARENO FUNDS-VALUE-OPPORTUNITY EQUITIES;EUR;B;EUR;LU1314012052;510;170.303545;86854.807795;1;BANK;31/03/2021
343;8908;REGULATED FINANCIAL INSTITUTION;Client professionnel;LUXEMBOURG;LUXEMBOURG;513385;TARENO FUNDS-VALUE-OPPORTUNITY EQUITIES;EUR;A;EUR;LU1314011914;48129.6551;173.124021;8332399.437244;1;BANK;31/03/2021
343;5190;REGULATED FINANCIAL INSTITUTION;Client professionnel;LUXEMBOURG;LUXEMBOURG;513385;TARENO FUNDS-VALUE-OPPORTUNITY EQUITIES;EUR;B;EUR;LU1314012052;6515;170.303545;1109527.593699;1;BANK;31/03/2021
343;5190;REGULATED FINANCIAL INSTITUTION;Client professionnel;LUXEMBOURG;LUXEMBOURG;513385;TARENO FUNDS-VALUE-OPPORTUNITY EQUITIES;EUR;A;EUR;LU1314011914;19555;173.124021;3385440.237557;1;BANK;31/03/2021
343;20;REGULATED FINANCIAL INSTITUTION;Client professionnel;LUXEMBOURG;LUXEMBOURG;513385;TARENO FUNDS-VALUE-OPPORTUNITY EQUITIES;EUR;A;EUR;LU1314011914;18621;173.124021;3223742.401614;1;BANK;31/03/2021
343;1358;REGULATED FINANCIAL INSTITUTION;Client professionnel;LUXEMBOURG;LUXEMBOURG;513385;TARENO FUNDS-VALUE-OPPORTUNITY EQUITIES;EUR;A;EUR;LU1314011914;31427;173.124021;5440768.61906;1;BANK;31/03/2021
343;8366;REGULATED FINANCIAL INSTITUTION;Client professionnel;LUXEMBOURG;LUXEMBOURG;513385;TARENO FUNDS-VALUE-OPPORTUNITY EQUITIES;EUR;A;EUR;LU1314011914;.001;173.124021;.173124;1;BANK;31/03/2021
343;20;REGULATED FINANCIAL INSTITUTION;Client professionnel;LUXEMBOURG;LUXEMBOURG;513385;TARENO FUNDS-VALUE-OPPORTUNITY EQUITIES;EUR;C;EUR;LU1148177246;20;136.352184;2727.043674;1;BANK;31/03/2021
343;1769;REGULATED FINANCIAL INSTITUTION;Client professionnel;LUXEMBOURG;LUXEMBOURG;513385;TARENO FUNDS-VALUE-OPPORTUNITY EQUITIES;EUR;A;EUR;LU1314011914;92997.26;173.124021;16100059.626008;1;BANK;31/03/2021
343;12245;REGULATED FINANCIAL INSTITUTION;Client professionnel;LUXEMBOURG;LUXEMBOURG;513385;TARENO FUNDS-VALUE-OPPORTUNITY EQUITIES;EUR;B;EUR;LU1314012052;200;170.303545;34060.708939;1;BANK;31/03/2021
343;1358;REGULATED FINANCIAL INSTITUTION;Client professionnel;LUXEMBOURG;LUXEMBOURG;513385;TARENO FUNDS-VALUE-OPPORTUNITY EQUITIES;EUR;B;EUR;LU1314012052;10845;170.303545;1846941.942236;1;BANK;31/03/2021
343;1769;REGULATED FINANCIAL INSTITUTION;Client professionnel;LUXEMBOURG;LUXEMBOURG;513385;TARENO FUNDS-VALUE-OPPORTUNITY EQUITIES;EUR;B;EUR;LU1314012052;2427;170.303545;413326.702979;1;BANK;31/03/2021
