ID_MAN_CO;ISIN_CODE;FUND_NUMBER;FUND_NAME;FUND_CCY;SHARECLASS_CODE;SHARECLASS_NAME;SHARECLASS_CCY;FREQUENCY_CALCULATION;DATE_NAV;TNA_FUND;QTY_SHARECLASS;PRICE_SHARECLASS_CCY;TNA_SHARECLASS;PRICE_FUND_CCY;TER;GROSS_PERFORMANCE;NET_PERFORMANCE;Reporting Period
343;LU1314012052;513385;TARENO FUNDS-VALUE-OPPORTUNITY EQUITIES;EUR;B;BB EUR;EUR;JOURNALIER;31/12/2020;56735765.29;22440.36;149.05;3344790.63;149.05;2.093666;0;0;31/03/2021
343;LU1314012052;513385;TARENO FUNDS-VALUE-OPPORTUNITY EQUITIES;EUR;B;BB EUR;EUR;JOURNALIER;31/01/2021;57712423.91;22570.99;152.53;3442745.11;152.53;1.594109;2.334787;-14.189964;31/03/2021
343;LU1314012052;513385;TARENO FUNDS-VALUE-OPPORTUNITY EQUITIES;EUR;B;BB EUR;EUR;JOURNALIER;28/02/2021;60759107.62;22865.99;161.39;3690256.03;161.39;1.599983;5.808693;6.048282;31/03/2021
343;LU1314012052;513385;TARENO FUNDS-VALUE-OPPORTUNITY EQUITIES;EUR;B;BB EUR;EUR;JOURNALIER;31/03/2021;64294119.33;22865.99;170.3;3894159.15;170.3;1.599983;5.520788;5.520788;31/03/2021
343;LU1148177246;513385;TARENO FUNDS-VALUE-OPPORTUNITY EQUITIES;EUR;C;C EUR;EUR;JOURNALIER;31/12/2020;56735765.29;432.23;119.49;51646.37;119.49;2.840105;0;0;31/03/2021
343;LU1148177246;513385;TARENO FUNDS-VALUE-OPPORTUNITY EQUITIES;EUR;C;C EUR;EUR;JOURNALIER;31/01/2021;57712423.91;652.33;122.22;79727.91;122.22;2.101268;2.28471;-17.394889;31/03/2021
343;LU1148177246;513385;TARENO FUNDS-VALUE-OPPORTUNITY EQUITIES;EUR;C;C EUR;EUR;JOURNALIER;28/02/2021;60759107.62;652.33;129.27;84324.93;129.27;2.105978;5.768287;5.928921;31/03/2021
343;LU1148177246;513385;TARENO FUNDS-VALUE-OPPORTUNITY EQUITIES;EUR;C;C EUR;EUR;JOURNALIER;31/03/2021;64294119.33;652.33;136.35;88946.62;136.35;2.105978;5.476909;5.476909;31/03/2021
343;LU1314011914;513385;TARENO FUNDS-VALUE-OPPORTUNITY EQUITIES;EUR;A;AA EUR;EUR;JOURNALIER;31/12/2020;56735765.29;352163.8356;151.46;53339328.29;151.46;.437366;0;0;31/03/2021
343;LU1314011914;513385;TARENO FUNDS-VALUE-OPPORTUNITY EQUITIES;EUR;A;AA EUR;EUR;JOURNALIER;31/01/2021;57712423.91;349768.8356;154.93;54189950.89;154.93;1.091867;2.291034;48.868999;31/03/2021
343;LU1314011914;513385;TARENO FUNDS-VALUE-OPPORTUNITY EQUITIES;EUR;A;AA EUR;EUR;JOURNALIER;28/02/2021;60759107.62;347488.8346;163.99;56984526.66;163.99;1.099518;5.847802;6.23494;31/03/2021
343;LU1314011914;513385;TARENO FUNDS-VALUE-OPPORTUNITY EQUITIES;EUR;A;AA EUR;EUR;JOURNALIER;31/03/2021;64294119.33;348368.8346;173.12;60311013.56;173.12;1.099518;5.567413;5.567413;31/03/2021
