SHARE_CLASS_CODE;ID_MAN_CO;ISIN_CODE;CODE_CSSF_SC;SHARE_CLASS_NAME;FUND_CODE;FUND_NAME;SHARE_CLASS_CCY;TELEKURS_CODE;BLOOMBERG_CODE;REUTERS_CODE;SEDOL_CODE;START_DATE;CLOSING_DATE;Reporting Period
B;343;LU1584996141;2985_53_01;B EUR;329682;PROTEA FUND-AKTARUS;EUR;036019699000;PRAKBEA LX;;;06/11/2017;;31/03/2021
C;343;LU1584996653;2985_53_02;C EUR;329682;PROTEA FUND-AKTARUS;EUR;036019701000;PRAKCEA LX;;;06/11/2017;;31/03/2021
B;343;LU1314012052;4413_3_05;BB EUR;513385;TARENO FUNDS-VALUE-OPPORTUNITY EQUITIES;EUR;030528133000;TFVOEBB LX;;;03/12/2020;;31/03/2021
C;343;LU1148177246;4413_3_03;C EUR;513385;TARENO FUNDS-VALUE-OPPORTUNITY EQUITIES;EUR;026208615000;TFVOEQC LX;;;03/12/2020;;31/03/2021
A;343;LU1314011914;4413_3_04;AA EUR;513385;TARENO FUNDS-VALUE-OPPORTUNITY EQUITIES;EUR;030528129000;TFVOEAA LX;;;03/12/2020;;31/03/2021
