ID_MAN_CO;ISIN_CODE;FUND_NUMBER;FUND_NAME;FUND_CCY;SHARECLASS_CODE;SHARECLASS_NAME;SHARECLASS_CCY;SUBRED_TYPE;SUBRED_SHARES_OUTSTANDING;SUBRED_DATE;SUBRED_AMOUNT_SHARE_CLASS_CCY;SUBRED_AMOUNT_CPT_CCY;SUBRED_AMOUNT_EUR_FIN_PERIODE;FX_RATE_EUR_FIN_PERIODE;FX_RATE_DATE;Reporting Period
343;LU0276761110;513374;TARENO FUNDS-ENHANCED INDEX INVESTING EQUITIES;EUR;A;A EUR;EUR;SUBSCRIPTION;440;31/03/2021;81175.6;81175.6;81175.6;1;31/03/2021;31/03/2021
343;LU0276761110;513374;TARENO FUNDS-ENHANCED INDEX INVESTING EQUITIES;EUR;A;A EUR;EUR;REDEMPTION;4340;31/03/2021;800686.6;800686.6;800686.6;1;31/03/2021;31/03/2021
343;LU0276761110;513374;TARENO FUNDS-ENHANCED INDEX INVESTING EQUITIES;EUR;A;A EUR;EUR;SUBSCRIPTION;148;25/03/2021;26679.96;26679.96;26679.96;1;31/03/2021;31/03/2021
343;LU0276761110;513374;TARENO FUNDS-ENHANCED INDEX INVESTING EQUITIES;EUR;A;A EUR;EUR;REDEMPTION;100;19/03/2021;18303;18303;18303;1;31/03/2021;31/03/2021
343;LU0276761110;513374;TARENO FUNDS-ENHANCED INDEX INVESTING EQUITIES;EUR;A;A EUR;EUR;REDEMPTION;320;09/03/2021;57132.8;57132.8;57132.8;1;31/03/2021;31/03/2021
343;LU0276761110;513374;TARENO FUNDS-ENHANCED INDEX INVESTING EQUITIES;EUR;A;A EUR;EUR;REDEMPTION;130;28/02/2021;22768.2;22768.2;22768.2;1;31/03/2021;31/03/2021
343;LU0276761110;513374;TARENO FUNDS-ENHANCED INDEX INVESTING EQUITIES;EUR;A;A EUR;EUR;REDEMPTION;4000;22/02/2021;712960;712960;712960;1;31/03/2021;31/03/2021
343;LU0276761110;513374;TARENO FUNDS-ENHANCED INDEX INVESTING EQUITIES;EUR;A;A EUR;EUR;REDEMPTION;4;19/02/2021;708.48;708.48;708.48;1;31/03/2021;31/03/2021
343;LU0276761110;513374;TARENO FUNDS-ENHANCED INDEX INVESTING EQUITIES;EUR;A;A EUR;EUR;REDEMPTION;1200;16/02/2021;214776;214776;214776;1;31/03/2021;31/03/2021
343;LU0276761110;513374;TARENO FUNDS-ENHANCED INDEX INVESTING EQUITIES;EUR;A;A EUR;EUR;SUBSCRIPTION;600;01/02/2021;99912;99912;99912;1;31/03/2021;31/03/2021
343;LU0276761110;513374;TARENO FUNDS-ENHANCED INDEX INVESTING EQUITIES;EUR;A;A EUR;EUR;REDEMPTION;1000;28/01/2021;169540;169540;169540;1;31/03/2021;31/03/2021
343;LU0276761110;513374;TARENO FUNDS-ENHANCED INDEX INVESTING EQUITIES;EUR;A;A EUR;EUR;REDEMPTION;2490;18/01/2021;427458.3;427458.3;427458.3;1;31/03/2021;31/03/2021
343;LU0276761110;513374;TARENO FUNDS-ENHANCED INDEX INVESTING EQUITIES;EUR;A;A EUR;EUR;REDEMPTION;25;13/01/2021;4293.5;4293.5;4293.5;1;31/03/2021;31/03/2021
343;LU0276761110;513374;TARENO FUNDS-ENHANCED INDEX INVESTING EQUITIES;EUR;A;A EUR;EUR;REDEMPTION;740;08/01/2021;125903.6;125903.6;125903.6;1;31/03/2021;31/03/2021
