PUID;ISIN_CODE;BLOOMBERG_TICKER;TELEKURS_CODE;INSTRUMENT_NAME;CLASSIF_1_GRINFIN;CLASSIF_2_ASSETGROUP;CLASSIF_3_ASSET_PICTET_TYPE;CLASSIF_3_SFI_TYPE;ISSUER_CODE;ISSUER_NAME;INSTRUMENT_CCY;INTERNAL_MARKET_CODE;MIC_MARKET_CODE;MARKET_PLACE_NAME;COUNTRY_CODE;COUNTRY_NAME;ECONOMICAL_SECTOR_CODE;ECONOMICAL_SECTOR_NAME;GEOGRAPHICAL_SECTOR_CODE;GEOGRAPHICAL_SECTOR_NAME;MATURITY_DATE;TYPE_STRIKE;STRIKE_VALUE;CONTRACT_SIZE;CONVERSION_RATIO;RATING_SP;RATING_MOODYS;RATING_FITCH;IS_CDS_PROTECTION_BUYER;IS_CDS_PROTECTION_SELLER;YIELD_RATE;MATURITY_RATE;COUPON_RATE;COUPON_FREQUENCY;COUPON_AMOUNT;DURATION;MODIFIED_DURATION;NEXT_COUPON_DATE;SETTLEMENT_TYPE;IMPLIED_VOLATILITY;DELTA;GAMMA;VEGA;OPTION_TYPE;OPTION_STYLE;CALL_VALUE;PUT_VALUE;CALL_DATE;PUT_DATE;CREDIT_SPREAD;EQUITY_DELTA;CS01;DV01;SETTLEMENT_DELAY;SETTLEMENT_DATE;NAV_FREQUENCY;SEDOL_CODE;CUSIP;COTATION_PLACE_CODE;UNDERLYING_ISIN_CODE;UNDERLYING_INSTRUMENT_NAME;Reporting Period
05AIM009L9GUSDLU;IE00BP3QZB59;IWVL LN Equity;025546005000;ISHARES IV-EDGE MSCI WLD VAL.FACTOR;efd;fund;share_fd;sfi_atyp_551;186059;ISH IV EDG VAL;USD;LSS;;;IE;IRELAND;900;UCITS;;;;;;1;1;;;;;;;;;;;;;;;;;;;;;;;;;;;;;;;;BP3QZB5;;361;;;31/03/2021
05AIM005LPNEURLU;IE00B2PC0716;DEMGTVB ID Equity;012181828000;DIMENSIONAL-GLOB.TARG.VAL.EUR-ACC.-;efd;fund;share_fd;sfi_atyp_602;200960;DIMEN GLB TARG;EUR;ISE;XDUB;Irish Stock Exchange;IE;IRELAND;900;UCITS;;;;;;1;1;;;;;;;;;;;;;;;;;;;;;;;;;;;;;;;;B2PC071;;331;;;31/03/2021
05AIM007042GBPLU;IE00B95PGT31;VDJP LN Equity;020974096000;VANGUARD-FTSE JAPAN UCITS USD ETF;efd;fund;share_fd;sfi_atyp_551;188277;VAN FTSE JAP;GBP;LON;XLON;London Stock Exchange (LSE);IE;IRELAND;900;UCITS;;;;;;1;1;;;;;;;;;;;;;;;;;;;;;;;;;;;;;;;;B9L8M65;;361;;;31/03/2021
05AIM008N7OUSDLU;IE00BP3QZ825;IWMO LN Equity;025546004000;ISHARES IV-EDGE WLD MOM.FAC.USD ETF;efd;fund;share_fd;sfi_atyp_551;197406;ISH IV EDG MOM;USD;ESBE;;;IE;IRELAND;900;UCITS;;;;;;1;1;;;;;;;;;;;;;;;;;;;;;;;;;;;;;;;;BP3QZ82;;361;;;31/03/2021
05AIM008RKKEURLU;IE00BQN1K786;CEMR GT Equity;026681060000;ISHARES IV-EDGE MSCI EUR.MO.FAC.EUR;efd;fund;share_fd;sfi_atyp_551;200961;ISH IV EDG FACT;EUR;ESBE;;;IE;IRELAND;900;UCITS;;;;;;1;1;;;;;;;;;;;;;;;;;;;;;;;;;;;;;;;;BVJDPF6;;830;;;31/03/2021
05AIM009LAPUSDLU;IE00BD1F4M44;IUVL LN Equity;033587599000;ISHARES IV-EDGE MSCI USA VAL.FACTOR;efd;fund;share_fd;sfi_atyp_551;186270;ISH EDG MSC FA;USD;COF;;;IE;IRELAND;900;UCITS;;;;;;1;1;;;;;;;;;;;;;;;;;;;;;;;;;;;;;;;;BZCR4N4;;719;;;31/03/2021
05AIM00AQARUSDLU;IE00BD1F4L37;IUQA LN Equity;033587602000;ISHARES IV-EDGE MSCI USA QU.FAC.USD;efd;fund;share_fd;sfi_atyp_551;200962;ISH USA QLTY FT;USD;LSS;;;IE;IRELAND;900;UCITS;;;;;;1;1;;;;;;;;;;;;;;;;;;;;;;;;;;;;;;;;BD4G929;;361;;;31/03/2021
05AIM00BL3HEURLU;IE0034140511;DIMPBSB ID Equity;001958979000;DIMENSIONAL-PACIFIC BASIN SM.CO.EUR;efd;fund;share_fd;sfi_atyp_602;200957;DIM PAC BAS SML;EUR;ISE;XDUB;Irish Stock Exchange;IE;IRELAND;900;UCITS;;;;;;1;1;;;;;;;;;;;;;;;;;;;;;;;;;;;;;;;;3429345;;271;;;31/03/2021
05AIM00BL3IEURLU;IE0008248803;VANESII ID Equity;001440409000;VANGUARD-EUROZONE STOCK IDX EUR;efd;fund;share_fd;sfi_atyp_602;200954;VNGRD EUZON STK;EUR;ISE;XDUB;Irish Stock Exchange;IE;IRELAND;900;UCITS;;;;;;1;1;;;;;;;;;;;;;;;;;;;;;;;;;;;;;;;;3198526;;331;;;31/03/2021
05PIBB29169EURLU;IE0007987708;VANEINI ID Equity;001129169000;VANGUARD IS-EURO.STOCK IND.EUR INST;efd;fund;share_fd;sfi_atyp_602;993851;VAN EU STCK IND;EUR;ISE;XDUB;Irish Stock Exchange;IE;IRELAND;900;UCITS;;;;;;1;1;;;;;;;;;;;;;;;;;;;;;;;;;;;;;;;;0945963;;331;;;31/03/2021
05PIBN08782EURLU;IE00B0M63953;IEER EU Equity;002308782000;ISHARES-MSCI EASTERN EUROPE CAPPED;efd;fund;share_fd;sfi_atyp_551;989224;ISHS MSCI EA EU;EUR;ESBE;;;IE;IRELAND;900;UCITS;;;;;;1;1;;;;;;;;;;;;;;;;;;;;;;;;;;;;;;;;B0M6395;;004;;;31/03/2021
05AIM0019AYEURLU;IE00B0HCGV10;DIMEMVB ID Equity;002310169000;DIMENSIONAL-EMERG.MKTS VAL.EUR-ACC-;efd;fund;share_fd;sfi_atyp_602;172136;DIMEN EM MA VAL;EUR;ISE;XDUB;Irish Stock Exchange;IE;IRELAND;900;UCITS;;;;;;1;1;;;;;;;;;;;;;;;;;;;;;;;;;;;;;;;;B0M8KL2;;331;;;31/03/2021
05AIM0019AZEURLU;IE0032768974;DIMUSCB ID Equity;001856337000;DIMENSIONAL-US SMALL COMPA.EUR ACC.;efd;fund;share_fd;sfi_atyp_602;200956;DIMEN US SML CO;EUR;ISE;XDUB;Irish Stock Exchange;IE;IRELAND;900;UCITS;;;;;;1;1;;;;;;;;;;;;;;;;;;;;;;;;;;;;;;;;B0107L8;;271;;;31/03/2021
05AIM001CETEURLU;IE00B27YCK28;;003477137000;ISHARES II-MSCI EM LATIN AMERIC.USD;efd;fund;share_fd;sfi_atyp_551;992028;ISHS MSCI EM LA;EUR;ETR;XETR;Xetra Francfort;IE;IRELAND;900;UCITS;;;;;;1;1;;;;;;;;;;;;;;;;;;;;;;;;;;;;;;;;B27YCK2;;046;;;31/03/2021
05AIM001FBFEURLU;IE00B03HD191;VANGEIS ID Equity;001438847000;VANGUARD IS-GL.STOCK IND.INSTIT.EUR;efd;fund;share_fd;sfi_atyp_602;991441;VAN GL STCK IND;EUR;OPC;;;IE;IRELAND;900;UCITS;;;;;;1;1;;;;;;;;;;;;;;;;;;;;;;;;;;;;;;;;0962821;;331;;;31/03/2021
05AIM001QJSEURLU;IE00B1W6CW87;DIEURVB ID Equity;002238739000;DIMENSIONAL-EUROPEAN VALUE EUR-ACC.;efd;fund;share_fd;sfi_atyp_602;200958;DIMENS EUROPN V;EUR;ISE;XDUB;Irish Stock Exchange;IE;IRELAND;900;UCITS;;;;;;1;1;;;;;;;;;;;;;;;;;;;;;;;;;;;;;;;;B24HDB2;;271;;;31/03/2021
05AIM0030Z7GBPLU;IE00B2QWDR12;ISFE LN Equity;004218076000;ISHARES II-MSCI AC F.E.EX-JA.SC ETF;efd;fund;share_fd;sfi_atyp_551;996715;ISHS MSCI AC;GBP;FWTAT;;;IE;IRELAND;900;UCITS;;;;;;1;1;;;;;;;;;;;;;;;;;;;;;;;;;;;;;;;;BK61921;;117;;;31/03/2021
05AIM004BK7EURLU;IE00B1W6DP85;DEMKTVB ID Equity;004246245000;DIMENSIONAL II-EM.TARG.VAL.EUR-ACC-;efd;fund;share_fd;sfi_atyp_602;200959;DIM II EM MK TG;EUR;ISE;XDUB;Irish Stock Exchange;IE;IRELAND;900;UCITS;;;;;;1;1;;;;;;;;;;;;;;;;;;;;;;;;;;;;;;;;B1W6DP8;;331;;;31/03/2021
05AIM004IIUEURLU;IE0031786142;VANEMSI ID Equity;001924785000;VANGUARD IS-EM ST.INDEX INVEST.EUR;efd;fund;share_fd;sfi_atyp_602;170434;VAN EMRG MKT ST;EUR;ESBE;;;IE;IRELAND;900;UCITS;;;;;;1;1;;;;;;;;;;;;;;;;;;;;;;;;;;;;;;;;B17MV91;;331;;;31/03/2021
05AIM0052VGEURLU;IE0032769055;DIMESCB ID Equity;001839699000;DIMENSIONAL-EUROP.SMALL CIE EUR-ACC;efd;fund;share_fd;sfi_atyp_602;200955;DIMEN EURO SMAL;EUR;ISE;XDUB;Irish Stock Exchange;IE;IRELAND;900;UCITS;;;;;;1;1;;;;;;;;;;;;;;;;;;;;;;;;;;;;;;;;3429389;;271;;;31/03/2021
05AIM004GMKEURLU;IE00B2PC0260;DIMGCEB ID Equity;012180150000;DIMENSIONAL-GLOBAL CORE EQ.EUR-ACC-;efd;fund;share_fd;sfi_atyp_602;201576;DIMEN GLB CORE;EUR;P00099;;;IE;IRELAND;900;UCITS;;;;;;1;1;;;;;;;;;;;;;;;;;;;;;;;;;;;;;;;;B2PC026;;271;;;31/03/2021
