ID_MAN_CO;REGISTER_NUMBER;REGISTER_TITLE;AIFMD_CLASSIFICATION;INVESTOR_COUNTRY;INVESTOR_TAX_RESIDENCE;FA_NUMBER;FUND_NAME;FUND_CCY;SHARE_CLASS_CODE;SHARE_CLASS_CCY;ISIN_CODE;QUANTITY;PRICE_PER_SHARE;AMOUNT_SC_CCY;COURS_CHANGE;CLASSIF_TA_RKS;Reporting Period
343;13336;REGULATED FINANCIAL INSTITUTION;Client professionnel;SWITZERLAND;SWITZERLAND;513374;TARENO FUNDS-ENHANCED INDEX INVESTING EQUITIES;EUR;A;EUR;LU0276761110;4100;184.534531;756591.575508;1;BANK;31/03/2021
343;4;SUBSIDIARY BRANCH OF A RFI;Client de contrepartie �ligible;BELGIUM;BELGIUM;513374;TARENO FUNDS-ENHANCED INDEX INVESTING EQUITIES;EUR;A;EUR;LU0276761110;13632.6243;184.534531;2515689.926206;1;OFIN;31/03/2021
343;20;REGULATED FINANCIAL INSTITUTION;Client professionnel;LUXEMBOURG;LUXEMBOURG;513374;TARENO FUNDS-ENHANCED INDEX INVESTING EQUITIES;EUR;A;EUR;LU0276761110;26125.4383;184.534531;4821045.493714;1;BANK;31/03/2021
343;16549;REGULATED FINANCIAL INSTITUTION;Client professionnel;BELGIUM;BELGIUM;513374;TARENO FUNDS-ENHANCED INDEX INVESTING EQUITIES;EUR;A;EUR;LU0276761110;422;184.534531;77873.571918;1;OFIN;31/03/2021
343;5190;REGULATED FINANCIAL INSTITUTION;Client professionnel;LUXEMBOURG;LUXEMBOURG;513374;TARENO FUNDS-ENHANCED INDEX INVESTING EQUITIES;EUR;A;EUR;LU0276761110;42834;184.534531;7904352.08422;1;BANK;31/03/2021
343;35;REGULATED FINANCIAL INSTITUTION;Client professionnel;AUSTRIA;AUSTRIA;513374;TARENO FUNDS-ENHANCED INDEX INVESTING EQUITIES;EUR;A;EUR;LU0276761110;36064.6843;184.534531;6655179.588958;1;BANK;31/03/2021
343;12245;REGULATED FINANCIAL INSTITUTION;Client professionnel;LUXEMBOURG;LUXEMBOURG;513374;TARENO FUNDS-ENHANCED INDEX INVESTING EQUITIES;EUR;A;EUR;LU0276761110;13105.1741;184.534531;2418357.151128;1;BANK;31/03/2021
343;8908;REGULATED FINANCIAL INSTITUTION;Client professionnel;LUXEMBOURG;LUXEMBOURG;513374;TARENO FUNDS-ENHANCED INDEX INVESTING EQUITIES;EUR;A;EUR;LU0276761110;1186.0053;184.534531;218858.931338;1;BANK;31/03/2021
343;1769;REGULATED FINANCIAL INSTITUTION;Client professionnel;LUXEMBOURG;LUXEMBOURG;513374;TARENO FUNDS-ENHANCED INDEX INVESTING EQUITIES;EUR;A;EUR;LU0276761110;35334.114;184.534531;6520364.141569;1;BANK;31/03/2021
343;1260;REGULATED FINANCIAL INSTITUTION;Client professionnel;LUXEMBOURG;LUXEMBOURG;513374;TARENO FUNDS-ENHANCED INDEX INVESTING EQUITIES;EUR;A;EUR;LU0276761110;4554.474;184.534531;840457.721773;1;OFIN;31/03/2021
343;1358;REGULATED FINANCIAL INSTITUTION;Client professionnel;LUXEMBOURG;LUXEMBOURG;513374;TARENO FUNDS-ENHANCED INDEX INVESTING EQUITIES;EUR;A;EUR;LU0276761110;67149.0478;184.534531;12391318.016793;1;BANK;31/03/2021
343;11306;REGULATED FINANCIAL INSTITUTION;Client professionnel;LUXEMBOURG;LUXEMBOURG;513374;TARENO FUNDS-ENHANCED INDEX INVESTING EQUITIES;EUR;A;EUR;LU0276761110;19256.559;184.534531;3553500.076261;1;BANK;31/03/2021
