ID_MAN_CO;FUND_NUMBER;FUND_NAME;FUND_CCY;ACCOUNT_NUMBER;ACCOUNT_NAME;CASH_TYPE;CASH_CURRENCY;CASH_RATE;MATURITY_DATE;AMOUNT_CASH_CCY;AMOUNT_CPT_CCY;AMOUNT_EUR;VALUATION_DATE;EUR_FX_RATE;FX_RATE_DATE;FLAG_FEEDER;Reporting Period
343;513374;TARENO FUNDS-ENHANCED INDEX INVESTING EQUITIES;EUR;15000;Current account;Compte courant;EUR;0;;142636.33;142636.33;142636.33;;1;31/03/2021;N;31/03/2021
343;513374;TARENO FUNDS-ENHANCED INDEX INVESTING EQUITIES;EUR;21100;Provision audit fees;Provisions;EUR;0;;-14024.74;-14024.74;-14024.74;;1;31/03/2021;N;31/03/2021
343;513374;TARENO FUNDS-ENHANCED INDEX INVESTING EQUITIES;EUR;21102;Prov Audit Annual report;Provisions;EUR;0;;-493.2;-493.2;-493.2;;1;31/03/2021;N;31/03/2021
343;513374;TARENO FUNDS-ENHANCED INDEX INVESTING EQUITIES;EUR;21280;Provis/paiemt audit fees ant;Provisions;EUR;0;;8237.88;8237.88;8237.88;;1;31/03/2021;N;31/03/2021
343;513374;TARENO FUNDS-ENHANCED INDEX INVESTING EQUITIES;EUR;26200;Other payable;Montant � recevoir;EUR;0;;-2180.96;-2180.96;-2180.96;;1;31/03/2021;N;31/03/2021
343;513374;TARENO FUNDS-ENHANCED INDEX INVESTING EQUITIES;EUR;22187;Provision Deposit supervi duty;Provisions;EUR;0;;-366.47;-366.47;-366.47;;1;31/03/2021;N;31/03/2021
343;513374;TARENO FUNDS-ENHANCED INDEX INVESTING EQUITIES;EUR;21126;Prov Reporting Publishing fees;Provisions;EUR;0;;-3205.67;-3205.67;-3205.67;;1;31/03/2021;N;31/03/2021
343;513374;TARENO FUNDS-ENHANCED INDEX INVESTING EQUITIES;EUR;22100;Provision custody fee;Provisions;EUR;0;;-5795.83;-5795.83;-5795.83;;1;31/03/2021;N;31/03/2021
343;513374;TARENO FUNDS-ENHANCED INDEX INVESTING EQUITIES;EUR;22111;Provision Domiciliation fees;Provisions;EUR;0;;-732.86;-732.86;-732.86;;1;31/03/2021;N;31/03/2021
343;513374;TARENO FUNDS-ENHANCED INDEX INVESTING EQUITIES;EUR;22120;Provision administration fee;Provisions;EUR;0;;-10432.45;-10432.45;-10432.45;;1;31/03/2021;N;31/03/2021
343;513374;TARENO FUNDS-ENHANCED INDEX INVESTING EQUITIES;EUR;22160;Provision Management Company;Provisions;EUR;0;;-5795.83;-5795.83;-5795.83;;1;31/03/2021;N;31/03/2021
343;513374;TARENO FUNDS-ENHANCED INDEX INVESTING EQUITIES;EUR;22207;Provision Mgt classe A;Provisions;EUR;0;;-20233.09;-20233.09;-20233.09;;1;31/03/2021;N;31/03/2021
343;513374;TARENO FUNDS-ENHANCED INDEX INVESTING EQUITIES;EUR;23100;Provis. taxe d'abonnemt 0.05 %;Provisions;EUR;0;;-5910.6;-5910.6;-5910.6;;1;31/03/2021;N;31/03/2021
343;513374;TARENO FUNDS-ENHANCED INDEX INVESTING EQUITIES;EUR;22773;Provision Mgt fees I2U;Provisions;EUR;0;;-493.2;-493.2;-493.2;;1;31/03/2021;N;31/03/2021
343;513374;TARENO FUNDS-ENHANCED INDEX INVESTING EQUITIES;EUR;22772;Provision Mgt fees I2P;Provisions;EUR;0;;-73.34;-73.34;-73.34;;1;31/03/2021;N;31/03/2021
