ID_MAN_CO;FUND_NUMBER;FUND_NAME;FUND_CCY;INSTRUMENT_ID;ISIN_CODE;TELEKURS_CODE;BLOOMBERG_CODE;ISSUER_CODE;ISSUER_NAME;GRINFIN;ASSET_GROUP;ASSET_PICTET_TYPE;SFI_TYPE;STRIKE;CONTRACT_SIZE;SECURITY_NAME;SECURITY_CCY;COUNTRY_CODE;COUNTRY_NAME;ECONOMIC_SECTOR_CODE;ECONOMIC_SECTOR_NAME;MATURITY_DATE;MKT_CODE;MIC_CODE;RATING_SP;RATING_MOODYS;RATING_FITCH;CUSTODIAN_CODE;CUSTODIAN_NAME;UNDERLYING_INSTR_ID;UNDERLYING_ISIN_CODE;UNDERLYING_TELEKURS_CODE;UNDERLYING_BLOOMBERG_CODE;UNDERLYING_MKT_CODE;UNDERLYING_MIC_CODE;UNDERLYING_GRINFIN;UNDERLYING_ASSET_GROUP;UNDERLYING_ASSET_PICTET_TYPE;UNDERLYING_SFI_TYPE;UNDERLYING_NAME;UNDERLYING_CCY;UNDERLYING_DATE_MATURITY;UNDERLYING_ISSUER;UNDERLYING_ISSUER_NAME;UNDERLYING_COUNTRY_CODE;UNDERLYING_COUNTRY_NAME;UNDERLYING_ECO_SECTOR_CODE;UNDERLYING_ECO_SECTOR_NAME;UNDERLYING_RATING_SP;UNDERLYING_RATING_MOODYS;UNDERLYING_RATING_FITCH;UNDERLYING_PRICE;QUANTITY;MARKET_PRICE;CALCUL_TYPE;MARKET_VALUE;MARKET_VALUE_FUND_CCY;FX_RATE_INV_FUND;FX_RATE_INV_EUR;DATE_VALORISATION;FLAG_FEEDER;ACCRUED_INTEREST;ACCRUED_INTEREST_FUND_CCY;ACCRUED_INTEREST_EUR;Reporting Period
343;513374;TARENO FUNDS-ENHANCED INDEX INVESTING EQUITIES;EUR;05AIM004IIUEURLU;IE0031786142;001924785000;VANEMSI ID Equity;170434;VAN EMRG MKT ST;efd;fund;share_fd;sfi_atyp_602;;1;VANGUARD IS-EM ST.INDEX INVEST.EUR;EUR;IE;IRELAND;900;UCITS;;ESBE;;;;;2VU;;;;;;;;;;;;;;;;;;;;;;;;;11587.13;206.5401;1;2393206.99;2393206.99;1;1;31/03/2021;N;0;0;0;31/03/2021
343;513374;TARENO FUNDS-ENHANCED INDEX INVESTING EQUITIES;EUR;05AIM0052VGEURLU;IE0032769055;001839699000;DIMESCB ID Equity;200955;DIMEN EURO SMAL;efd;fund;share_fd;sfi_atyp_602;;1;DIMENSIONAL-EUROP.SMALL CIE EUR-ACC;EUR;IE;IRELAND;900;UCITS;;ISE;XDUB;;;;2Z8;;;;;;;;;;;;;;;;;;;;;;;;;64118.243;44.64;1;2862238.37;2862238.37;1;1;31/03/2021;N;0;0;0;31/03/2021
343;513374;TARENO FUNDS-ENHANCED INDEX INVESTING EQUITIES;EUR;05AIM004GMKEURLU;IE00B2PC0260;012180150000;DIMGCEB ID Equity;201576;DIMEN GLB CORE;efd;fund;share_fd;sfi_atyp_602;;1;DIMENSIONAL-GLOBAL CORE EQ.EUR-ACC-;EUR;IE;IRELAND;900;UCITS;;P00099;;;;;2Z8;;;;;;;;;;;;;;;;;;;;;;;;;71432.803;33.33;1;2380855.32;2380855.32;1;1;31/03/2021;N;0;0;0;31/03/2021
343;513374;TARENO FUNDS-ENHANCED INDEX INVESTING EQUITIES;EUR;05AIM009L9GUSDLU;IE00BP3QZB59;025546005000;IWVL LN Equity;186059;ISH IV EDG VAL;efd;fund;share_fd;sfi_atyp_551;;1;ISHARES IV-EDGE MSCI WLD VAL.FACTOR;USD;IE;IRELAND;900;UCITS;;LSS;;;;;OPJ;;;;;;;;;;;;;;;;;;;;;;;;;93400;35.91;1;3353994;2853733.32;.850846;1;31/03/2021;N;0;0;0;31/03/2021
343;513374;TARENO FUNDS-ENHANCED INDEX INVESTING EQUITIES;EUR;05AIM005LPNEURLU;IE00B2PC0716;012181828000;DEMGTVB ID Equity;200960;DIMEN GLB TARG;efd;fund;share_fd;sfi_atyp_602;;1;DIMENSIONAL-GLOB.TARG.VAL.EUR-ACC.-;EUR;IE;IRELAND;900;UCITS;;ISE;XDUB;;;;2Z8;;;;;;;;;;;;;;;;;;;;;;;;;216070.657;27.49;1;5939782.36;5939782.36;1;1;31/03/2021;N;0;0;0;31/03/2021
343;513374;TARENO FUNDS-ENHANCED INDEX INVESTING EQUITIES;EUR;05AIM007042GBPLU;IE00B95PGT31;020974096000;VDJP LN Equity;188277;VAN FTSE JAP;efd;fund;share_fd;sfi_atyp_551;;1;VANGUARD-FTSE JAPAN UCITS USD ETF;GBP;IE;IRELAND;900;UCITS;;LON;XLON;;;;OPJ;;;;;;;;;;;;;;;;;;;;;;;;;15000;26.3675;1;395512.5;464297.27;1.173913;1;31/03/2021;N;0;0;0;31/03/2021
343;513374;TARENO FUNDS-ENHANCED INDEX INVESTING EQUITIES;EUR;05AIM008N7OUSDLU;IE00BP3QZ825;025546004000;IWMO LN Equity;197406;ISH IV EDG MOM;efd;fund;share_fd;sfi_atyp_551;;1;ISHARES IV-EDGE WLD MOM.FAC.USD ETF;USD;IE;IRELAND;900;UCITS;;ESBE;;;;;OPJ;;;;;;;;;;;;;;;;;;;;;;;;;92000;59.12;1;5439040;4627786.96;.850846;1;31/03/2021;N;0;0;0;31/03/2021
343;513374;TARENO FUNDS-ENHANCED INDEX INVESTING EQUITIES;EUR;05AIM008RKKEURLU;IE00BQN1K786;026681060000;CEMR GT Equity;200961;ISH IV EDG FACT;efd;fund;share_fd;sfi_atyp_551;;1;ISHARES IV-EDGE MSCI EUR.MO.FAC.EUR;EUR;IE;IRELAND;900;UCITS;;ESBE;;;;;76E;CCC BNP PARIBAS SECURITIES SERVICES MILAN;;;;;;;;;;;;;;;;;;;;;;;;361800;8.616;1;3117268.8;3117268.8;1;1;31/03/2021;N;0;0;0;31/03/2021
343;513374;TARENO FUNDS-ENHANCED INDEX INVESTING EQUITIES;EUR;05AIM009LAPUSDLU;IE00BD1F4M44;033587599000;IUVL LN Equity;186270;ISH EDG MSC FA;efd;fund;share_fd;sfi_atyp_551;;1;ISHARES IV-EDGE MSCI USA VAL.FACTOR;USD;IE;IRELAND;900;UCITS;;COF;;;;;OPJ;;;;;;;;;;;;;;;;;;;;;;;;;96900;8.72;1;844968;718937.88;.850846;1;31/03/2021;N;0;0;0;31/03/2021
343;513374;TARENO FUNDS-ENHANCED INDEX INVESTING EQUITIES;EUR;05AIM00AQARUSDLU;IE00BD1F4L37;033587602000;IUQA LN Equity;200962;ISH USA QLTY FT;efd;fund;share_fd;sfi_atyp_551;;1;ISHARES IV-EDGE MSCI USA QU.FAC.USD;USD;IE;IRELAND;900;UCITS;;LSS;;;;;OPJ;;;;;;;;;;;;;;;;;;;;;;;;;89200;9.755;1;870146;740360.49;.850846;1;31/03/2021;N;0;0;0;31/03/2021
343;513374;TARENO FUNDS-ENHANCED INDEX INVESTING EQUITIES;EUR;05AIM00BL3HEURLU;IE0034140511;001958979000;DIMPBSB ID Equity;200957;DIM PAC BAS SML;efd;fund;share_fd;sfi_atyp_602;;1;DIMENSIONAL-PACIFIC BASIN SM.CO.EUR;EUR;IE;IRELAND;900;UCITS;;ISE;XDUB;;;;2Z8;;;;;;;;;;;;;;;;;;;;;;;;;32681.633;28.8;1;941231.03;941231.03;1;1;31/03/2021;N;0;0;0;31/03/2021
343;513374;TARENO FUNDS-ENHANCED INDEX INVESTING EQUITIES;EUR;05AIM00BL3IEURLU;IE0008248803;001440409000;VANESII ID Equity;200954;VNGRD EUZON STK;efd;fund;share_fd;sfi_atyp_602;;1;VANGUARD-EUROZONE STOCK IDX EUR;EUR;IE;IRELAND;900;UCITS;;ISE;XDUB;;;;2VU;;;;;;;;;;;;;;;;;;;;;;;;;14178.34;237.1888;1;3362943.45;3362943.45;1;1;31/03/2021;N;0;0;0;31/03/2021
343;513374;TARENO FUNDS-ENHANCED INDEX INVESTING EQUITIES;EUR;05PIBB29169EURLU;IE0007987708;001129169000;VANEINI ID Equity;993851;VAN EU STCK IND;efd;fund;share_fd;sfi_atyp_602;;1;VANGUARD IS-EURO.STOCK IND.EUR INST;EUR;IE;IRELAND;900;UCITS;;ISE;XDUB;;;;2VU;;;;;;;;;;;;;;;;;;;;;;;;;100604.74;23.9108;1;2405539.82;2405539.82;1;1;31/03/2021;N;0;0;0;31/03/2021
343;513374;TARENO FUNDS-ENHANCED INDEX INVESTING EQUITIES;EUR;05PIBN08782EURLU;IE00B0M63953;002308782000;IEER EU Equity;989224;ISHS MSCI EA EU;efd;fund;share_fd;sfi_atyp_551;;1;ISHARES-MSCI EASTERN EUROPE CAPPED;EUR;IE;IRELAND;900;UCITS;;ESBE;;;;;OPJ;;;;;;;;;;;;;;;;;;;;;;;;;23100;20.42;1;471702;471702;1;1;31/03/2021;N;0;0;0;31/03/2021
343;513374;TARENO FUNDS-ENHANCED INDEX INVESTING EQUITIES;EUR;05AIM0019AYEURLU;IE00B0HCGV10;002310169000;DIMEMVB ID Equity;172136;DIMEN EM MA VAL;efd;fund;share_fd;sfi_atyp_602;;1;DIMENSIONAL-EMERG.MKTS VAL.EUR-ACC-;EUR;IE;IRELAND;900;UCITS;;ISE;XDUB;;;;2Z8;;;;;;;;;;;;;;;;;;;;;;;;;78387.056;24.48;1;1918915.13;1918915.13;1;1;31/03/2021;N;0;0;0;31/03/2021
343;513374;TARENO FUNDS-ENHANCED INDEX INVESTING EQUITIES;EUR;05AIM0019AZEURLU;IE0032768974;001856337000;DIMUSCB ID Equity;200956;DIMEN US SML CO;efd;fund;share_fd;sfi_atyp_602;;1;DIMENSIONAL-US SMALL COMPA.EUR ACC.;EUR;IE;IRELAND;900;UCITS;;ISE;XDUB;;;;2Z8;;;;;;;;;;;;;;;;;;;;;;;;;54616.304;43.55;1;2378540.04;2378540.04;1;1;31/03/2021;N;0;0;0;31/03/2021
343;513374;TARENO FUNDS-ENHANCED INDEX INVESTING EQUITIES;EUR;05AIM001CETEURLU;IE00B27YCK28;003477137000;;992028;ISHS MSCI EM LA;efd;fund;share_fd;sfi_atyp_551;;1;ISHARES II-MSCI EM LATIN AMERIC.USD;EUR;IE;IRELAND;900;UCITS;;ETR;XETR;;;;OPJ;;;;;;;;;;;;;;;;;;;;;;;;;35000;12.562;1;439670;439670;1;1;31/03/2021;N;0;0;0;31/03/2021
343;513374;TARENO FUNDS-ENHANCED INDEX INVESTING EQUITIES;EUR;05AIM001FBFEURLU;IE00B03HD191;001438847000;VANGEIS ID Equity;991441;VAN GL STCK IND;efd;fund;share_fd;sfi_atyp_602;;1;VANGUARD IS-GL.STOCK IND.INSTIT.EUR;EUR;IE;IRELAND;900;UCITS;;OPC;;;;;2VU;;;;;;;;;;;;;;;;;;;;;;;;;145357.4;32.8496;1;4774932.45;4774932.45;1;1;31/03/2021;N;0;0;0;31/03/2021
343;513374;TARENO FUNDS-ENHANCED INDEX INVESTING EQUITIES;EUR;05AIM001QJSEURLU;IE00B1W6CW87;002238739000;DIEURVB ID Equity;200958;DIMENS EUROPN V;efd;fund;share_fd;sfi_atyp_602;;1;DIMENSIONAL-EUROPEAN VALUE EUR-ACC.;EUR;IE;IRELAND;900;UCITS;;ISE;XDUB;;;;2Z8;;;;;;;;;;;;;;;;;;;;;;;;;178439.693;13.33;1;2378601.11;2378601.11;1;1;31/03/2021;N;0;0;0;31/03/2021
343;513374;TARENO FUNDS-ENHANCED INDEX INVESTING EQUITIES;EUR;05AIM0030Z7GBPLU;IE00B2QWDR12;004218076000;ISFE LN Equity;996715;ISHS MSCI AC;efd;fund;share_fd;sfi_atyp_551;;1;ISHARES II-MSCI AC F.E.EX-JA.SC ETF;GBP;IE;IRELAND;900;UCITS;;FWTAT;;;;;OPJ;;;;;;;;;;;;;;;;;;;;;;;;;23800;26.78;1;637364;748209.89;1.173913;1;31/03/2021;N;0;0;0;31/03/2021
343;513374;TARENO FUNDS-ENHANCED INDEX INVESTING EQUITIES;EUR;05AIM004BK7EURLU;IE00B1W6DP85;004246245000;DEMKTVB ID Equity;200959;DIM II EM MK TG;efd;fund;share_fd;sfi_atyp_602;;1;DIMENSIONAL II-EM.TARG.VAL.EUR-ACC-;EUR;IE;IRELAND;900;UCITS;;ISE;XDUB;;;;2Z8;;;;;;;;;;;;;;;;;;;;;;;;;91351.798;21.39;1;1954014.96;1954014.96;1;1;31/03/2021;N;0;0;0;31/03/2021
