ID_MAN_CO;FUND_NUMBER;FUND_NAME;FUND_CCY;ISIN;SECURITY_NAME;TYPE_INSTR;INSTRUMENT_CCY;INSTRUMENT_PRICE;INSTRUMENT_PRICE_EUR;PRICE_DATE;FX_RATE;TRANSACTION_TYPE;EXECUTION_DATE;TRANSACTION_CCY;QUANTITY;AMOUNT_TRANSACTION_CCY;AMOUNT_FUND_CCY;AMOUNT_TRANSACTION_EUR;FX_RATE_EUR;FX_RATE_DATE;MATURITY_DATE;MIC_CODE;TRANSACTION_PRICE;UNREALIZED_PNL;CANCEL_ANULATION;FLAG_FEEDER;Reporting Period
343;513374;TARENO FUNDS-ENHANCED INDEX INVESTING EQUITIES;EUR;IE00B1W6DP85;DIMENSIONAL II-EM.TARG.VAL.EUR-ACC-;fund;EUR;19.200001;19.200001;27/01/2021;1;Sale on stock market ~;28/01/2021;EUR;2604.167;50000.01;50000.01;50000.01;1;31/03/2021;;;19.200001;;20;N;31/03/2021
343;513374;TARENO FUNDS-ENHANCED INDEX INVESTING EQUITIES;EUR;IE0031786142;VANGUARD IS-EM ST.INDEX INVEST.EUR;fund;EUR;214.622005;214.622005;25/01/2021;1;Sale on stock market ~;25/01/2021;EUR;652.31;140000.08;140000.08;140000.08;1;31/03/2021;;;214.622005;;20;N;31/03/2021
343;513374;TARENO FUNDS-ENHANCED INDEX INVESTING EQUITIES;EUR;IE0032769055;DIMENSIONAL-EUROP.SMALL CIE EUR-ACC;fund;EUR;44.420002;44.420002;29/03/2021;1;Sale on stock market ~;30/03/2021;EUR;1373.255;60999.99;60999.99;60999.99;1;31/03/2021;;;44.420002;;20;N;31/03/2021
343;513374;TARENO FUNDS-ENHANCED INDEX INVESTING EQUITIES;EUR;IE00BP3QZB59;ISHARES IV-EDGE MSCI WLD VAL.FACTOR;fund;USD;33.12;28.18002;22/01/2021;1.21725;Purchase on stock market ~;22/01/2021;EUR;2000;66240;54498.15;66240;1;31/03/2021;;;33.12;;20;N;31/03/2021
343;513374;TARENO FUNDS-ENHANCED INDEX INVESTING EQUITIES;EUR;IE00BP3QZ825;ISHARES IV-EDGE WLD MOM.FAC.USD ETF;fund;USD;58.3067;49.610022;29/03/2021;1.17635;Purchase on stock market ~;29/03/2021;EUR;5700;332348.19;282641.93;332348.19;1;31/03/2021;;;58.3067;;20;N;31/03/2021
343;513374;TARENO FUNDS-ENHANCED INDEX INVESTING EQUITIES;EUR;IE00BP3QZ825;ISHARES IV-EDGE WLD MOM.FAC.USD ETF;fund;USD;61.860118;52.633434;26/01/2021;1.21665;Sale on stock market ~;26/01/2021;EUR;1700;105162.2;86354.88;105162.2;1;31/03/2021;;;61.860118;;20;N;31/03/2021
343;513374;TARENO FUNDS-ENHANCED INDEX INVESTING EQUITIES;EUR;IE00BD1F4M44;ISHARES IV-EDGE MSCI USA VAL.FACTOR;fund;USD;8.7245;7.423206;29/03/2021;1.17635;Sale on stock market ~;29/03/2021;EUR;8100;70668.45;59840.64;70668.45;1;31/03/2021;;;8.7245;;20;N;31/03/2021
343;513374;TARENO FUNDS-ENHANCED INDEX INVESTING EQUITIES;EUR;IE0032768974;DIMENSIONAL-US SMALL COMPA.EUR ACC.;fund;EUR;38.56;38.56;22/01/2021;1;Purchase on stock market ~;26/01/2021;EUR;7494.813;288999.99;288999.99;288999.99;1;31/03/2021;;;38.56;;20;N;31/03/2021
343;513374;TARENO FUNDS-ENHANCED INDEX INVESTING EQUITIES;EUR;IE00B03HD191;VANGUARD IS-GL.STOCK IND.INSTIT.EUR;fund;EUR;31.699298;31.699298;19/02/2021;1;Sale on stock market ~;19/02/2021;EUR;1608.87;51000.05;51000.05;51000.05;1;31/03/2021;;;31.699298;;20;N;31/03/2021
343;513374;TARENO FUNDS-ENHANCED INDEX INVESTING EQUITIES;EUR;IE0031786142;VANGUARD IS-EM ST.INDEX INVEST.EUR;fund;EUR;208.348397;208.348397;30/03/2021;1;Purchase on stock market ~;30/03/2021;EUR;897.54;187001.02;187001.02;187001.02;1;31/03/2021;;;208.348397;;20;N;31/03/2021
343;513374;TARENO FUNDS-ENHANCED INDEX INVESTING EQUITIES;EUR;IE0031786142;VANGUARD IS-EM ST.INDEX INVEST.EUR;fund;EUR;205.9369;205.9369;28/01/2021;1;Sale on stock market ~;31/01/2021;EUR;242.79;49999.42;49999.42;49999.42;1;31/03/2021;;;205.9369;;20;N;31/03/2021
343;513374;TARENO FUNDS-ENHANCED INDEX INVESTING EQUITIES;EUR;IE00B2PC0260;DIMENSIONAL-GLOBAL CORE EQ.EUR-ACC-;fund;EUR;31.49;31.49;18/02/2021;1;Sale on stock market ~;19/02/2021;EUR;1778.342;55999.99;55999.99;55999.99;1;31/03/2021;;;31.49;;20;N;31/03/2021
343;513374;TARENO FUNDS-ENHANCED INDEX INVESTING EQUITIES;EUR;IE00BP3QZB59;ISHARES IV-EDGE MSCI WLD VAL.FACTOR;fund;USD;36.07;30.690015;29/03/2021;1.17635;Sale on stock market ~;29/03/2021;EUR;6300;227241;192423.02;227241;1;31/03/2021;;;36.07;;20;N;31/03/2021
343;513374;TARENO FUNDS-ENHANCED INDEX INVESTING EQUITIES;EUR;IE00BP3QZ825;ISHARES IV-EDGE WLD MOM.FAC.USD ETF;fund;USD;59.52;50.642354;04/01/2021;1.2272;Purchase on stock market ~;04/01/2021;EUR;1900;113088;92057.02;113088;1;31/03/2021;;;59.52;;20;N;31/03/2021
343;513374;TARENO FUNDS-ENHANCED INDEX INVESTING EQUITIES;EUR;IE0034140511;DIMENSIONAL-PACIFIC BASIN SM.CO.EUR;fund;EUR;27.009998;27.009998;22/01/2021;1;Purchase on stock market ~;26/01/2021;EUR;1851.166;49999.99;49999.99;49999.99;1;31/03/2021;;;27.009998;;20;N;31/03/2021
343;513374;TARENO FUNDS-ENHANCED INDEX INVESTING EQUITIES;EUR;IE00B0HCGV10;DIMENSIONAL-EMERG.MKTS VAL.EUR-ACC-;fund;EUR;23.700001;23.700001;18/02/2021;1;Sale on stock market ~;19/02/2021;EUR;2109.705;50000.01;50000.01;50000.01;1;31/03/2021;;;23.700001;;20;N;31/03/2021
343;513374;TARENO FUNDS-ENHANCED INDEX INVESTING EQUITIES;EUR;IE00B2PC0260;DIMENSIONAL-GLOBAL CORE EQ.EUR-ACC-;fund;EUR;30.78;30.78;25/01/2021;1;Purchase on stock market ~;26/01/2021;EUR;75860.949;2335000.01;2335000.01;2335000.01;1;31/03/2021;;;30.78;;20;N;31/03/2021
343;513374;TARENO FUNDS-ENHANCED INDEX INVESTING EQUITIES;EUR;IE00BP3QZB59;ISHARES IV-EDGE MSCI WLD VAL.FACTOR;fund;USD;34;28.928764;18/02/2021;1.2073;Sale on stock market ~;18/02/2021;EUR;2300;78200;64642.79;78200;1;31/03/2021;;;34;;20;N;31/03/2021
343;513374;TARENO FUNDS-ENHANCED INDEX INVESTING EQUITIES;EUR;IE00BD1F4L37;ISHARES IV-EDGE MSCI USA QU.FAC.USD;fund;USD;9.3042;7.916441;04/01/2021;1.2272;Purchase on stock market ~;04/01/2021;EUR;14200;132119.64;107549.35;132119.64;1;31/03/2021;;;9.3042;;20;N;31/03/2021
343;513374;TARENO FUNDS-ENHANCED INDEX INVESTING EQUITIES;EUR;IE0007987708;VANGUARD IS-EURO.STOCK IND.EUR INST;fund;EUR;22.984499;22.984499;19/02/2021;1;Sale on stock market ~;19/02/2021;EUR;2175.38;50000.02;50000.02;50000.02;1;31/03/2021;;;22.984499;;20;N;31/03/2021
343;513374;TARENO FUNDS-ENHANCED INDEX INVESTING EQUITIES;EUR;IE0007987708;VANGUARD IS-EURO.STOCK IND.EUR INST;fund;EUR;22.5901;22.5901;15/01/2021;1;Sale on stock market ~;15/01/2021;EUR;13280.15;299999.92;299999.92;299999.92;1;31/03/2021;;;22.5901;;20;N;31/03/2021
343;513374;TARENO FUNDS-ENHANCED INDEX INVESTING EQUITIES;EUR;IE0032768974;DIMENSIONAL-US SMALL COMPA.EUR ACC.;fund;EUR;42.569998;42.569998;29/03/2021;1;Sale on stock market ~;30/03/2021;EUR;3171.247;134999.98;134999.98;134999.98;1;31/03/2021;;;42.569998;;20;N;31/03/2021
343;513374;TARENO FUNDS-ENHANCED INDEX INVESTING EQUITIES;EUR;IE0032769055;DIMENSIONAL-EUROP.SMALL CIE EUR-ACC;fund;EUR;41.51;41.51;22/01/2021;1;Sale on stock market ~;25/01/2021;EUR;27077.813;1124000.02;1124000.02;1124000.02;1;31/03/2021;;;41.51;;20;N;31/03/2021
343;513374;TARENO FUNDS-ENHANCED INDEX INVESTING EQUITIES;EUR;IE00B2PC0716;DIMENSIONAL-GLOB.TARG.VAL.EUR-ACC.-;fund;EUR;24.07;24.07;22/01/2021;1;Sale on stock market ~;25/01/2021;EUR;17823.016;429000;429000;429000;1;31/03/2021;;;24.07;;20;N;31/03/2021
343;513374;TARENO FUNDS-ENHANCED INDEX INVESTING EQUITIES;EUR;IE00B1W6CW87;DIMENSIONAL-EUROPEAN VALUE EUR-ACC.;fund;EUR;13.29;13.29;29/03/2021;1;Sale on stock market ~;30/03/2021;EUR;7599.699;101000;101000;101000;1;31/03/2021;;;13.29;;20;N;31/03/2021
343;513374;TARENO FUNDS-ENHANCED INDEX INVESTING EQUITIES;EUR;IE00B2PC0260;DIMENSIONAL-GLOBAL CORE EQ.EUR-ACC-;fund;EUR;33.21;33.21;29/03/2021;1;Sale on stock market ~;30/03/2021;EUR;2649.804;87999.99;87999.99;87999.99;1;31/03/2021;;;33.21;;20;N;31/03/2021
343;513374;TARENO FUNDS-ENHANCED INDEX INVESTING EQUITIES;EUR;IE0032769055;DIMENSIONAL-EUROP.SMALL CIE EUR-ACC;fund;EUR;42.420002;42.420002;18/02/2021;1;Sale on stock market ~;19/02/2021;EUR;1178.689;49999.99;49999.99;49999.99;1;31/03/2021;;;42.420002;;20;N;31/03/2021
343;513374;TARENO FUNDS-ENHANCED INDEX INVESTING EQUITIES;EUR;IE00BP3QZB59;ISHARES IV-EDGE MSCI WLD VAL.FACTOR;fund;USD;31.9302;27.167683;04/01/2021;1.2272;Purchase on stock market ~;04/01/2021;EUR;100000;3193020;2598175.51;3193020;1;31/03/2021;;;31.9302;;20;N;31/03/2021
343;513374;TARENO FUNDS-ENHANCED INDEX INVESTING EQUITIES;EUR;IE0007987708;VANGUARD IS-EURO.STOCK IND.EUR INST;fund;EUR;22.4448;22.4448;25/01/2021;1;Purchase on stock market ~;25/01/2021;EUR;9801.82;219999.89;219999.89;219999.89;1;31/03/2021;;;22.4448;;20;N;31/03/2021
343;513374;TARENO FUNDS-ENHANCED INDEX INVESTING EQUITIES;EUR;IE00B03HD191;VANGUARD IS-GL.STOCK IND.INSTIT.EUR;fund;EUR;32.841202;32.841202;30/03/2021;1;Sale on stock market ~;30/03/2021;EUR;1826.97;59999.89;59999.89;59999.89;1;31/03/2021;;;32.841202;;20;N;31/03/2021
343;513374;TARENO FUNDS-ENHANCED INDEX INVESTING EQUITIES;EUR;IE00B1W6DP85;DIMENSIONAL II-EM.TARG.VAL.EUR-ACC-;fund;EUR;20.399999;20.399999;18/02/2021;1;Sale on stock market ~;19/02/2021;EUR;2450.98;49999.99;49999.99;49999.99;1;31/03/2021;;;20.399999;;20;N;31/03/2021
343;513374;TARENO FUNDS-ENHANCED INDEX INVESTING EQUITIES;EUR;IE00B2PC0716;DIMENSIONAL-GLOB.TARG.VAL.EUR-ACC.-;fund;EUR;27.22;27.22;29/03/2021;1;Sale on stock market ~;30/03/2021;EUR;15062.454;410000;410000;410000;1;31/03/2021;;;27.22;;20;N;31/03/2021
343;513374;TARENO FUNDS-ENHANCED INDEX INVESTING EQUITIES;EUR;IE00B2PC0716;DIMENSIONAL-GLOB.TARG.VAL.EUR-ACC.-;fund;EUR;25.05;25.05;18/02/2021;1;Sale on stock market ~;19/02/2021;EUR;11177.645;280000.01;280000.01;280000.01;1;31/03/2021;;;25.05;;20;N;31/03/2021
343;513374;TARENO FUNDS-ENHANCED INDEX INVESTING EQUITIES;EUR;IE00BQN1K786;ISHARES IV-EDGE MSCI EUR.MO.FAC.EUR;fund;EUR;8.2744;8.2744;04/01/2021;1;Purchase on stock market ~;04/01/2021;EUR;23500;194448.4;194448.4;194448.4;1;31/03/2021;;;8.2744;;20;N;31/03/2021
343;513374;TARENO FUNDS-ENHANCED INDEX INVESTING EQUITIES;EUR;IE0034140511;DIMENSIONAL-PACIFIC BASIN SM.CO.EUR;fund;EUR;27.669998;27.669998;18/02/2021;1;Sale on stock market ~;19/02/2021;EUR;1807.011;49999.99;49999.99;49999.99;1;31/03/2021;;;27.669998;;20;N;31/03/2021
343;513374;TARENO FUNDS-ENHANCED INDEX INVESTING EQUITIES;EUR;IE0008248803;VANGUARD-EUROZONE STOCK IDX EUR;fund;EUR;237.609704;237.609704;30/03/2021;1;Sale on stock market ~;30/03/2021;EUR;420.86;100000.42;100000.42;100000.42;1;31/03/2021;;;237.609704;;20;N;31/03/2021
343;513374;TARENO FUNDS-ENHANCED INDEX INVESTING EQUITIES;EUR;IE00B0HCGV10;DIMENSIONAL-EMERG.MKTS VAL.EUR-ACC-;fund;EUR;22.85;22.85;22/01/2021;1;Sale on stock market ~;25/01/2021;EUR;2975.93;68000;68000;68000;1;31/03/2021;;;22.85;;20;N;31/03/2021
343;513374;TARENO FUNDS-ENHANCED INDEX INVESTING EQUITIES;EUR;IE0032768974;DIMENSIONAL-US SMALL COMPA.EUR ACC.;fund;EUR;41.180001;41.180001;16/02/2021;1;Sale on stock market ~;17/02/2021;EUR;3254.007;134000.01;134000.01;134000.01;1;31/03/2021;;;41.180001;;20;N;31/03/2021
343;513374;TARENO FUNDS-ENHANCED INDEX INVESTING EQUITIES;EUR;IE00B1W6CW87;DIMENSIONAL-EUROPEAN VALUE EUR-ACC.;fund;EUR;13.070001;13.070001;08/03/2021;1;Sale on stock market ~;09/03/2021;EUR;5355.777;70000.01;70000.01;70000.01;1;31/03/2021;;;13.070001;;20;N;31/03/2021
343;513374;TARENO FUNDS-ENHANCED INDEX INVESTING EQUITIES;EUR;IE00B1W6CW87;DIMENSIONAL-EUROPEAN VALUE EUR-ACC.;fund;EUR;12.03;12.03;22/01/2021;1;Sale on stock market ~;25/01/2021;EUR;100997.506;1215000;1215000;1215000;1;31/03/2021;;;12.03;;20;N;31/03/2021
