ID_MAN_CO;ISIN_CODE;FUND_NUMBER;FUND_NAME;FUND_CCY;SHARECLASS_CODE;SHARECLASS_NAME;SHARECLASS_CCY;FREQUENCY_CALCULATION;DATE_NAV;TNA_FUND;QTY_SHARECLASS;PRICE_SHARECLASS_CCY;TNA_SHARECLASS;PRICE_FUND_CCY;TER;GROSS_PERFORMANCE;NET_PERFORMANCE;Reporting Period
343;LU0276761110;513374;TARENO FUNDS-ENHANCED INDEX INVESTING EQUITIES;EUR;A;A EUR;EUR;JOURNALIER;31/12/2020;45167170.47;273025.1211;165.43;45167170.47;165.43;.854019;0;0;31/03/2021
343;LU0276761110;513374;TARENO FUNDS-ENHANCED INDEX INVESTING EQUITIES;EUR;A;A EUR;EUR;JOURNALIER;31/01/2021;44754555.57;268770.1211;166.52;44754555.57;166.52;.851686;.658889;.532225;31/03/2021
343;LU0276761110;513374;TARENO FUNDS-ENHANCED INDEX INVESTING EQUITIES;EUR;A;A EUR;EUR;JOURNALIER;28/02/2021;45876858.21;264036.1211;173.75;45876858.21;173.75;.858611;4.341821;4.732042;31/03/2021
343;LU0276761110;513374;TARENO FUNDS-ENHANCED INDEX INVESTING EQUITIES;EUR;A;A EUR;EUR;JOURNALIER;31/03/2021;47953903.61;259864.1211;184.53;47953903.61;184.53;.858611;6.204317;6.204317;31/03/2021
