ID_MAN_CO;FA_NUM;FUND_NAME;RANK;REGISTER_NUMBER;REGISTER_TITLE;AMOUNT_INVESTED;PERCENTAGE_INMATE;INVESTOR_COUNTRY;TNA_FUND;FUND_CCY;DATE_NAV;Reporting Period
343;513374;TARENO FUNDS-ENHANCED INDEX INVESTING EQUITIES;1;1358;REGULATED FINANCIAL INSTITUTION;12391318.016793;25.840061%;LUXEMBOURG;47953903.61;EUR;31/03/2021;31/03/2021
343;513374;TARENO FUNDS-ENHANCED INDEX INVESTING EQUITIES;2;5190;REGULATED FINANCIAL INSTITUTION;7904352.08422;16.48323%;LUXEMBOURG;47953903.61;EUR;31/03/2021;31/03/2021
343;513374;TARENO FUNDS-ENHANCED INDEX INVESTING EQUITIES;3;35;REGULATED FINANCIAL INSTITUTION;6655179.588958;13.878285%;AUSTRIA;47953903.61;EUR;31/03/2021;31/03/2021
343;513374;TARENO FUNDS-ENHANCED INDEX INVESTING EQUITIES;4;1769;REGULATED FINANCIAL INSTITUTION;6520364.141569;13.59715%;LUXEMBOURG;47953903.61;EUR;31/03/2021;31/03/2021
343;513374;TARENO FUNDS-ENHANCED INDEX INVESTING EQUITIES;5;20;REGULATED FINANCIAL INSTITUTION;4821045.493714;10.0535%;LUXEMBOURG;47953903.61;EUR;31/03/2021;31/03/2021
