ID_MAN_CO;ISIN_CODE;FUND_NUMBER;FUND_NAME;FUND_CCY;SHARECLASS_CODE;SHARECLASS_NAME;SHARECLASS_CCY;SUBRED_TYPE;SUBRED_SHARES_OUTSTANDING;SUBRED_DATE;SUBRED_AMOUNT_SHARE_CLASS_CCY;SUBRED_AMOUNT_CPT_CCY;SUBRED_AMOUNT_EUR_FIN_PERIODE;FX_RATE_EUR_FIN_PERIODE;FX_RATE_DATE;Reporting Period
343;LU1787059465;274380;DECALIA SICAV-CIRCULAR ECONOMY;USD;A1E;A1 EUR H P;EUR;SUBSCRIPTION;11.83;30/03/2021;1489.63;1750.76278;1489.63;1;31/03/2021;31/03/2021
343;LU1787059465;274380;DECALIA SICAV-CIRCULAR ECONOMY;USD;A1E;A1 EUR H P;EUR;SUBSCRIPTION;48.11;29/03/2021;6084.47;7151.080209;6084.47;1;31/03/2021;31/03/2021
343;LU1787059465;274380;DECALIA SICAV-CIRCULAR ECONOMY;USD;A1E;A1 EUR H P;EUR;SUBSCRIPTION;302.48;26/03/2021;37631.54;44228.365156;37631.54;1;31/03/2021;31/03/2021
343;LU1787059465;274380;DECALIA SICAV-CIRCULAR ECONOMY;USD;A1E;A1 EUR H P;EUR;SUBSCRIPTION;79.71;24/03/2021;9990.05;11741.310064;9990.05;1;31/03/2021;31/03/2021
343;LU1787059465;274380;DECALIA SICAV-CIRCULAR ECONOMY;USD;A1E;A1 EUR H P;EUR;SUBSCRIPTION;79.18;23/03/2021;9990.14;11741.415841;9990.14;1;31/03/2021;31/03/2021
343;LU1787059465;274380;DECALIA SICAV-CIRCULAR ECONOMY;USD;A1E;A1 EUR H P;EUR;SUBSCRIPTION;68.92;22/03/2021;8639.81;10154.372411;8639.81;1;31/03/2021;31/03/2021
343;LU1787059465;274380;DECALIA SICAV-CIRCULAR ECONOMY;USD;A1E;A1 EUR H P;EUR;SUBSCRIPTION;100;19/03/2021;12560;14761.773405;12560;1;31/03/2021;31/03/2021
343;LU1787059465;274380;DECALIA SICAV-CIRCULAR ECONOMY;USD;A1E;A1 EUR H P;EUR;SUBSCRIPTION;102.88;18/03/2021;12989.63;15266.717729;12989.63;1;31/03/2021;31/03/2021
343;LU1787059465;274380;DECALIA SICAV-CIRCULAR ECONOMY;USD;A1E;A1 EUR H P;EUR;SUBSCRIPTION;205.44;17/03/2021;25990.21;30546.304997;25990.21;1;31/03/2021;31/03/2021
343;LU1787059465;274380;DECALIA SICAV-CIRCULAR ECONOMY;USD;A1E;A1 EUR H P;EUR;SUBSCRIPTION;154;11/03/2021;19220.74;22590.143993;19220.74;1;31/03/2021;31/03/2021
343;LU1787059465;274380;DECALIA SICAV-CIRCULAR ECONOMY;USD;A1E;A1 EUR H P;EUR;SUBSCRIPTION;39.99;03/03/2021;4989.55;5864.220262;4989.55;1;31/03/2021;31/03/2021
343;LU1787059465;274380;DECALIA SICAV-CIRCULAR ECONOMY;USD;A1E;A1 EUR H P;EUR;SUBSCRIPTION;40.54;01/03/2021;4989.66;5864.349545;4989.66;1;31/03/2021;31/03/2021
343;LU1787059465;274380;DECALIA SICAV-CIRCULAR ECONOMY;USD;A1E;A1 EUR H P;EUR;REDEMPTION;300;25/02/2021;37740;44355.83824;37740;1;31/03/2021;31/03/2021
343;LU1787059465;274380;DECALIA SICAV-CIRCULAR ECONOMY;USD;A1E;A1 EUR H P;EUR;REDEMPTION;94;24/02/2021;11830.84;13904.791343;11830.84;1;31/03/2021;31/03/2021
343;LU1787059465;274380;DECALIA SICAV-CIRCULAR ECONOMY;USD;A1E;A1 EUR H P;EUR;SUBSCRIPTION;39.51;23/02/2021;4990.11;5864.87843;4990.11;1;31/03/2021;31/03/2021
343;LU1787059465;274380;DECALIA SICAV-CIRCULAR ECONOMY;USD;A1E;A1 EUR H P;EUR;SUBSCRIPTION;39.08;22/02/2021;4990.52;5865.360304;4990.52;1;31/03/2021;31/03/2021
343;LU1787059465;274380;DECALIA SICAV-CIRCULAR ECONOMY;USD;A1E;A1 EUR H P;EUR;SUBSCRIPTION;39.08;19/02/2021;4987.39;5861.681613;4987.39;1;31/03/2021;31/03/2021
343;LU1787059465;274380;DECALIA SICAV-CIRCULAR ECONOMY;USD;A1E;A1 EUR H P;EUR;SUBSCRIPTION;334.17;18/02/2021;42783.78;50283.795045;42783.78;1;31/03/2021;31/03/2021
343;LU1787059465;274380;DECALIA SICAV-CIRCULAR ECONOMY;USD;A1E;A1 EUR H P;EUR;SUBSCRIPTION;577.29;17/02/2021;74545.46;87613.311217;74545.46;1;31/03/2021;31/03/2021
343;LU1787059465;274380;DECALIA SICAV-CIRCULAR ECONOMY;USD;A1E;A1 EUR H P;EUR;REDEMPTION;495.05;17/02/2021;63925.81;75132.032002;63925.81;1;31/03/2021;31/03/2021
343;LU1787059465;274380;DECALIA SICAV-CIRCULAR ECONOMY;USD;A1E;A1 EUR H P;EUR;SUBSCRIPTION;120;16/02/2021;15522;18243.013279;15522;1;31/03/2021;31/03/2021
343;LU1787059465;274380;DECALIA SICAV-CIRCULAR ECONOMY;USD;A1E;A1 EUR H P;EUR;SUBSCRIPTION;154.83;15/02/2021;19985.46;23488.919738;19985.46;1;31/03/2021;31/03/2021
343;LU1787059465;274380;DECALIA SICAV-CIRCULAR ECONOMY;USD;A1E;A1 EUR H P;EUR;SUBSCRIPTION;23.33;12/02/2021;2989.74;3513.842709;2989.74;1;31/03/2021;31/03/2021
343;LU1787059465;274380;DECALIA SICAV-CIRCULAR ECONOMY;USD;A1E;A1 EUR H P;EUR;SUBSCRIPTION;170;10/02/2021;21622.3;25412.698495;21622.3;1;31/03/2021;31/03/2021
343;LU1787059465;274380;DECALIA SICAV-CIRCULAR ECONOMY;USD;A1E;A1 EUR H P;EUR;SUBSCRIPTION;117.93;09/02/2021;14979.47;17605.377537;14979.47;1;31/03/2021;31/03/2021
343;LU1787059465;274380;DECALIA SICAV-CIRCULAR ECONOMY;USD;A1E;A1 EUR H P;EUR;REDEMPTION;8;05/02/2021;1004.48;1180.565776;1004.48;1;31/03/2021;31/03/2021
343;LU1787059465;274380;DECALIA SICAV-CIRCULAR ECONOMY;USD;A1E;A1 EUR H P;EUR;SUBSCRIPTION;172;04/02/2021;21582.56;25365.992056;21582.56;1;31/03/2021;31/03/2021
343;LU1787059465;274380;DECALIA SICAV-CIRCULAR ECONOMY;USD;A1E;A1 EUR H P;EUR;REDEMPTION;28.91;04/02/2021;3627.63;4263.5551;3627.63;1;31/03/2021;31/03/2021
343;LU1787059465;274380;DECALIA SICAV-CIRCULAR ECONOMY;USD;A1E;A1 EUR H P;EUR;SUBSCRIPTION;149;03/02/2021;18660.76;21931.999258;18660.76;1;31/03/2021;31/03/2021
343;LU1787059465;274380;DECALIA SICAV-CIRCULAR ECONOMY;USD;A1E;A1 EUR H P;EUR;SUBSCRIPTION;200;02/02/2021;24846;29201.514492;24846;1;31/03/2021;31/03/2021
343;LU1787059465;274380;DECALIA SICAV-CIRCULAR ECONOMY;USD;A1E;A1 EUR H P;EUR;SUBSCRIPTION;240.66;01/02/2021;29538.61;34716.741044;29538.61;1;31/03/2021;31/03/2021
343;LU1787059465;274380;DECALIA SICAV-CIRCULAR ECONOMY;USD;A1E;A1 EUR H P;EUR;REDEMPTION;6.32;01/02/2021;775.72;911.70405;775.72;1;31/03/2021;31/03/2021
343;LU1787059465;274380;DECALIA SICAV-CIRCULAR ECONOMY;USD;A1E;A1 EUR H P;EUR;SUBSCRIPTION;200.5;31/01/2021;24970.27;29347.569076;24970.27;1;31/03/2021;31/03/2021
343;LU1787059465;274380;DECALIA SICAV-CIRCULAR ECONOMY;USD;A1E;A1 EUR H P;EUR;SUBSCRIPTION;1605.54;25/01/2021;202747.59;238289.329774;202747.59;1;31/03/2021;31/03/2021
343;LU1787059465;274380;DECALIA SICAV-CIRCULAR ECONOMY;USD;A1E;A1 EUR H P;EUR;SUBSCRIPTION;170;21/01/2021;21474.4;25238.871561;21474.4;1;31/03/2021;31/03/2021
343;LU1787059465;274380;DECALIA SICAV-CIRCULAR ECONOMY;USD;A1E;A1 EUR H P;EUR;SUBSCRIPTION;7.94;19/01/2021;990.52;1164.158582;990.52;1;31/03/2021;31/03/2021
343;LU1787059465;274380;DECALIA SICAV-CIRCULAR ECONOMY;USD;A1E;A1 EUR H P;EUR;SUBSCRIPTION;23.98;18/01/2021;2989.59;3513.666413;2989.59;1;31/03/2021;31/03/2021
343;LU1787059465;274380;DECALIA SICAV-CIRCULAR ECONOMY;USD;A1E;A1 EUR H P;EUR;REDEMPTION;78.17;15/01/2021;9825.19;11547.550035;9825.19;1;31/03/2021;31/03/2021
343;LU1787059465;274380;DECALIA SICAV-CIRCULAR ECONOMY;USD;A1E;A1 EUR H P;EUR;SUBSCRIPTION;143.13;15/01/2021;17990.01;21143.666495;17990.01;1;31/03/2021;31/03/2021
343;LU1787059465;274380;DECALIA SICAV-CIRCULAR ECONOMY;USD;A1E;A1 EUR H P;EUR;SUBSCRIPTION;19.71;14/01/2021;2490.16;2926.68612;2490.16;1;31/03/2021;31/03/2021
343;LU1787059465;274380;DECALIA SICAV-CIRCULAR ECONOMY;USD;A1E;A1 EUR H P;EUR;SUBSCRIPTION;183.74;11/01/2021;23504.02;27624.28482;23504.02;1;31/03/2021;31/03/2021
343;LU1787061529;274380;DECALIA SICAV-CIRCULAR ECONOMY;USD;IE;I EUR;EUR;REDEMPTION;11.88;31/03/2021;1500.44;1763.467778;1500.44;1;31/03/2021;31/03/2021
343;LU1787061529;274380;DECALIA SICAV-CIRCULAR ECONOMY;USD;IE;I EUR;EUR;SUBSCRIPTION;1571.91;31/03/2021;198532.23;233335.015352;198532.23;1;31/03/2021;31/03/2021
343;LU1787061529;274380;DECALIA SICAV-CIRCULAR ECONOMY;USD;IE;I EUR;EUR;SUBSCRIPTION;4223.74;30/03/2021;533458.36;626973.840068;533458.36;1;31/03/2021;31/03/2021
343;LU1787061529;274380;DECALIA SICAV-CIRCULAR ECONOMY;USD;IE;I EUR;EUR;REDEMPTION;3.99;30/03/2021;503.94;592.280899;503.94;1;31/03/2021;31/03/2021
343;LU1787061529;274380;DECALIA SICAV-CIRCULAR ECONOMY;USD;IE;I EUR;EUR;REDEMPTION;3.52;29/03/2021;446.48;524.748136;446.48;1;31/03/2021;31/03/2021
343;LU1787061529;274380;DECALIA SICAV-CIRCULAR ECONOMY;USD;IE;I EUR;EUR;SUBSCRIPTION;417.18;29/03/2021;52915.11;62191.151554;52915.11;1;31/03/2021;31/03/2021
343;LU1787061529;274380;DECALIA SICAV-CIRCULAR ECONOMY;USD;IE;I EUR;EUR;REDEMPTION;23.37;26/03/2021;2916.11;3427.305338;2916.11;1;31/03/2021;31/03/2021
343;LU1787061529;274380;DECALIA SICAV-CIRCULAR ECONOMY;USD;IE;I EUR;EUR;SUBSCRIPTION;123.13;26/03/2021;15364.17;18057.515613;15364.17;1;31/03/2021;31/03/2021
343;LU1787061529;274380;DECALIA SICAV-CIRCULAR ECONOMY;USD;IE;I EUR;EUR;REDEMPTION;2.79;25/03/2021;347.61;408.546183;347.61;1;31/03/2021;31/03/2021
343;LU1787061529;274380;DECALIA SICAV-CIRCULAR ECONOMY;USD;IE;I EUR;EUR;SUBSCRIPTION;913.9;25/03/2021;113862.8;133822.997838;113862.8;1;31/03/2021;31/03/2021
343;LU1787061529;274380;DECALIA SICAV-CIRCULAR ECONOMY;USD;IE;I EUR;EUR;SUBSCRIPTION;113.34;24/03/2021;14245.7;16742.97734;14245.7;1;31/03/2021;31/03/2021
343;LU1787061529;274380;DECALIA SICAV-CIRCULAR ECONOMY;USD;IE;I EUR;EUR;SUBSCRIPTION;255.37;23/03/2021;32311.97;37976.272246;32311.97;1;31/03/2021;31/03/2021
343;LU1787061529;274380;DECALIA SICAV-CIRCULAR ECONOMY;USD;IE;I EUR;EUR;REDEMPTION;154.1;23/03/2021;19498.28;22916.336875;19498.28;1;31/03/2021;31/03/2021
343;LU1787061529;274380;DECALIA SICAV-CIRCULAR ECONOMY;USD;IE;I EUR;EUR;SUBSCRIPTION;229.18;22/03/2021;28812.51;33863.355402;28812.51;1;31/03/2021;31/03/2021
343;LU1787061529;274380;DECALIA SICAV-CIRCULAR ECONOMY;USD;IE;I EUR;EUR;REDEMPTION;1769.92;22/03/2021;222514.35;261521.211308;222514.35;1;31/03/2021;31/03/2021
343;LU1787061529;274380;DECALIA SICAV-CIRCULAR ECONOMY;USD;IE;I EUR;EUR;SUBSCRIPTION;1002.63;19/03/2021;126281.25;148418.407467;126281.25;1;31/03/2021;31/03/2021
343;LU1787061529;274380;DECALIA SICAV-CIRCULAR ECONOMY;USD;IE;I EUR;EUR;REDEMPTION;15.74;19/03/2021;1982.45;2329.974338;1982.45;1;31/03/2021;31/03/2021
343;LU1787061529;274380;DECALIA SICAV-CIRCULAR ECONOMY;USD;IE;I EUR;EUR;REDEMPTION;147.2;18/03/2021;18636.99;21904.062367;18636.99;1;31/03/2021;31/03/2021
343;LU1787061529;274380;DECALIA SICAV-CIRCULAR ECONOMY;USD;IE;I EUR;EUR;SUBSCRIPTION;1204.49;18/03/2021;152500.48;179233.879769;152500.48;1;31/03/2021;31/03/2021
343;LU1787061529;274380;DECALIA SICAV-CIRCULAR ECONOMY;USD;IE;I EUR;EUR;SUBSCRIPTION;140.43;17/03/2021;17814.95;20937.918401;17814.95;1;31/03/2021;31/03/2021
343;LU1787061529;274380;DECALIA SICAV-CIRCULAR ECONOMY;USD;IE;I EUR;EUR;SUBSCRIPTION;78.74;16/03/2021;9999.98;11752.980797;9999.98;1;31/03/2021;31/03/2021
343;LU1787061529;274380;DECALIA SICAV-CIRCULAR ECONOMY;USD;IE;I EUR;EUR;REDEMPTION;115.37;16/03/2021;14651.99;17220.490152;14651.99;1;31/03/2021;31/03/2021
343;LU1787061529;274380;DECALIA SICAV-CIRCULAR ECONOMY;USD;IE;I EUR;EUR;SUBSCRIPTION;211.36;15/03/2021;26779.31;31473.734567;26779.31;1;31/03/2021;31/03/2021
343;LU1787061529;274380;DECALIA SICAV-CIRCULAR ECONOMY;USD;IE;I EUR;EUR;REDEMPTION;9.3;15/03/2021;1178.31;1384.86825;1178.31;1;31/03/2021;31/03/2021
343;LU1787061529;274380;DECALIA SICAV-CIRCULAR ECONOMY;USD;IE;I EUR;EUR;SUBSCRIPTION;1367.07;12/03/2021;173330.8;203715.763829;173330.8;1;31/03/2021;31/03/2021
343;LU1787061529;274380;DECALIA SICAV-CIRCULAR ECONOMY;USD;IE;I EUR;EUR;REDEMPTION;94.62;11/03/2021;11840.75;13916.43857;11840.75;1;31/03/2021;31/03/2021
343;LU1787061529;274380;DECALIA SICAV-CIRCULAR ECONOMY;USD;IE;I EUR;EUR;SUBSCRIPTION;1030.6;11/03/2021;128969.28;151577.650283;128969.28;1;31/03/2021;31/03/2021
343;LU1787061529;274380;DECALIA SICAV-CIRCULAR ECONOMY;USD;IE;I EUR;EUR;REDEMPTION;18.5;25/02/2021;2332.67;2741.588055;2332.67;1;31/03/2021;31/03/2021
343;LU1787061529;274380;DECALIA SICAV-CIRCULAR ECONOMY;USD;IE;I EUR;EUR;SUBSCRIPTION;526.35;25/02/2021;66367.47;78001.716051;66367.47;1;31/03/2021;31/03/2021
343;LU1787061529;274380;DECALIA SICAV-CIRCULAR ECONOMY;USD;IE;I EUR;EUR;SUBSCRIPTION;448.24;24/02/2021;56545.48;66457.926977;56545.48;1;31/03/2021;31/03/2021
343;LU1787061529;274380;DECALIA SICAV-CIRCULAR ECONOMY;USD;IE;I EUR;EUR;SUBSCRIPTION;271.16;23/02/2021;34326.15;40343.538866;34326.15;1;31/03/2021;31/03/2021
343;LU1787061529;274380;DECALIA SICAV-CIRCULAR ECONOMY;USD;IE;I EUR;EUR;SUBSCRIPTION;1233.03;22/02/2021;157803.18;185466.145361;157803.18;1;31/03/2021;31/03/2021
343;LU1787061529;274380;DECALIA SICAV-CIRCULAR ECONOMY;USD;IE;I EUR;EUR;REDEMPTION;1.52;22/02/2021;194.53;228.631193;194.53;1;31/03/2021;31/03/2021
343;LU1787061529;274380;DECALIA SICAV-CIRCULAR ECONOMY;USD;IE;I EUR;EUR;SUBSCRIPTION;176.92;19/02/2021;22628.07;26594.780408;22628.07;1;31/03/2021;31/03/2021
343;LU1787061529;274380;DECALIA SICAV-CIRCULAR ECONOMY;USD;IE;I EUR;EUR;SUBSCRIPTION;423;18/02/2021;54275.13;63789.583645;54275.13;1;31/03/2021;31/03/2021
343;LU1787061529;274380;DECALIA SICAV-CIRCULAR ECONOMY;USD;IE;I EUR;EUR;SUBSCRIPTION;23.65;17/02/2021;3060.55;3597.065732;3060.55;1;31/03/2021;31/03/2021
343;LU1787061529;274380;DECALIA SICAV-CIRCULAR ECONOMY;USD;IE;I EUR;EUR;SUBSCRIPTION;123.67;16/02/2021;16030.11;18840.195181;16030.11;1;31/03/2021;31/03/2021
343;LU1787061529;274380;DECALIA SICAV-CIRCULAR ECONOMY;USD;IE;I EUR;EUR;SUBSCRIPTION;1281.13;15/02/2021;165714.17;194763.935312;165714.17;1;31/03/2021;31/03/2021
343;LU1787061529;274380;DECALIA SICAV-CIRCULAR ECONOMY;USD;IE;I EUR;EUR;SUBSCRIPTION;483.84;12/02/2021;62129.89;73021.286453;62129.89;1;31/03/2021;31/03/2021
343;LU1787061529;274380;DECALIA SICAV-CIRCULAR ECONOMY;USD;IE;I EUR;EUR;SUBSCRIPTION;521.55;11/02/2021;66523.7;78185.333237;66523.7;1;31/03/2021;31/03/2021
343;LU1787061529;274380;DECALIA SICAV-CIRCULAR ECONOMY;USD;IE;I EUR;EUR;SUBSCRIPTION;131.75;10/02/2021;16791.53;19735.092435;16791.53;1;31/03/2021;31/03/2021
343;LU1787061529;274380;DECALIA SICAV-CIRCULAR ECONOMY;USD;IE;I EUR;EUR;SUBSCRIPTION;1139.57;09/02/2021;145033.07;170457.429582;145033.07;1;31/03/2021;31/03/2021
343;LU1787061529;274380;DECALIA SICAV-CIRCULAR ECONOMY;USD;IE;I EUR;EUR;REDEMPTION;33.85;09/02/2021;4308.09;5063.300031;4308.09;1;31/03/2021;31/03/2021
343;LU1787061529;274380;DECALIA SICAV-CIRCULAR ECONOMY;USD;IE;I EUR;EUR;SUBSCRIPTION;808.18;08/02/2021;102162.03;120071.077822;102162.03;1;31/03/2021;31/03/2021
343;LU1787061529;274380;DECALIA SICAV-CIRCULAR ECONOMY;USD;IE;I EUR;EUR;SUBSCRIPTION;387.2;05/02/2021;48709.76;57248.601889;48709.76;1;31/03/2021;31/03/2021
343;LU1787061529;274380;DECALIA SICAV-CIRCULAR ECONOMY;USD;IE;I EUR;EUR;SUBSCRIPTION;1771.97;04/02/2021;222772.07;261824.109735;222772.07;1;31/03/2021;31/03/2021
343;LU1787061529;274380;DECALIA SICAV-CIRCULAR ECONOMY;USD;IE;I EUR;EUR;SUBSCRIPTION;288.33;03/02/2021;36176.77;42518.573349;36176.77;1;31/03/2021;31/03/2021
343;LU1787061529;274380;DECALIA SICAV-CIRCULAR ECONOMY;USD;IE;I EUR;EUR;SUBSCRIPTION;357.97;02/02/2021;44552.95;52363.101307;44552.95;1;31/03/2021;31/03/2021
343;LU1787061529;274380;DECALIA SICAV-CIRCULAR ECONOMY;USD;IE;I EUR;EUR;SUBSCRIPTION;100.07;01/02/2021;12304.61;14461.613428;12304.61;1;31/03/2021;31/03/2021
343;LU1787061529;274380;DECALIA SICAV-CIRCULAR ECONOMY;USD;IE;I EUR;EUR;REDEMPTION;8;01/02/2021;983.68;1156.119527;983.68;1;31/03/2021;31/03/2021
343;LU1787061529;274380;DECALIA SICAV-CIRCULAR ECONOMY;USD;IE;I EUR;EUR;SUBSCRIPTION;510.76;31/01/2021;63722.42;74892.987647;63722.42;1;31/03/2021;31/03/2021
343;LU1787061529;274380;DECALIA SICAV-CIRCULAR ECONOMY;USD;IE;I EUR;EUR;REDEMPTION;12;28/01/2021;1486.56;1747.154608;1486.56;1;31/03/2021;31/03/2021
343;LU1787061529;274380;DECALIA SICAV-CIRCULAR ECONOMY;USD;IE;I EUR;EUR;SUBSCRIPTION;412.77;28/01/2021;51133.95;60097.753439;51133.95;1;31/03/2021;31/03/2021
343;LU1787061529;274380;DECALIA SICAV-CIRCULAR ECONOMY;USD;IE;I EUR;EUR;REDEMPTION;158;27/01/2021;19966.46;23466.58903;19966.46;1;31/03/2021;31/03/2021
343;LU1787061529;274380;DECALIA SICAV-CIRCULAR ECONOMY;USD;IE;I EUR;EUR;SUBSCRIPTION;184.33;27/01/2021;23293.78;27377.189658;23293.78;1;31/03/2021;31/03/2021
343;LU1787061529;274380;DECALIA SICAV-CIRCULAR ECONOMY;USD;IE;I EUR;EUR;REDEMPTION;103.1;26/01/2021;12986.48;15263.015532;12986.48;1;31/03/2021;31/03/2021
343;LU1787061529;274380;DECALIA SICAV-CIRCULAR ECONOMY;USD;IE;I EUR;EUR;SUBSCRIPTION;57.45;26/01/2021;7236.4;8504.944034;7236.4;1;31/03/2021;31/03/2021
343;LU1787061529;274380;DECALIA SICAV-CIRCULAR ECONOMY;USD;IE;I EUR;EUR;SUBSCRIPTION;1540.48;25/01/2021;194839.91;228995.430067;194839.91;1;31/03/2021;31/03/2021
343;LU1787061529;274380;DECALIA SICAV-CIRCULAR ECONOMY;USD;IE;I EUR;EUR;SUBSCRIPTION;1312.7;22/01/2021;166529.12;195721.746398;166529.12;1;31/03/2021;31/03/2021
343;LU1787061529;274380;DECALIA SICAV-CIRCULAR ECONOMY;USD;IE;I EUR;EUR;SUBSCRIPTION;629.46;21/01/2021;79639.28;93600.080055;79639.28;1;31/03/2021;31/03/2021
343;LU1787061529;274380;DECALIA SICAV-CIRCULAR ECONOMY;USD;IE;I EUR;EUR;SUBSCRIPTION;13.58;20/01/2021;1700.22;1998.269298;1700.22;1;31/03/2021;31/03/2021
343;LU1787061529;274380;DECALIA SICAV-CIRCULAR ECONOMY;USD;IE;I EUR;EUR;REDEMPTION;50.79;20/01/2021;6358.91;7473.629659;6358.91;1;31/03/2021;31/03/2021
343;LU1787061529;274380;DECALIA SICAV-CIRCULAR ECONOMY;USD;IE;I EUR;EUR;REDEMPTION;32.65;19/01/2021;4079.62;4794.779142;4079.62;1;31/03/2021;31/03/2021
343;LU1787061529;274380;DECALIA SICAV-CIRCULAR ECONOMY;USD;IE;I EUR;EUR;SUBSCRIPTION;44.86;19/01/2021;5605.26;6587.86449;5605.26;1;31/03/2021;31/03/2021
343;LU1787061529;274380;DECALIA SICAV-CIRCULAR ECONOMY;USD;IE;I EUR;EUR;SUBSCRIPTION;69.44;18/01/2021;8669.58;10189.361105;8669.58;1;31/03/2021;31/03/2021
343;LU1787061529;274380;DECALIA SICAV-CIRCULAR ECONOMY;USD;IE;I EUR;EUR;SUBSCRIPTION;685.14;15/01/2021;86238.57;101356.228432;86238.57;1;31/03/2021;31/03/2021
343;LU1787061529;274380;DECALIA SICAV-CIRCULAR ECONOMY;USD;IE;I EUR;EUR;REDEMPTION;9.73;14/01/2021;1231.04;1446.841842;1231.04;1;31/03/2021;31/03/2021
343;LU1787061529;274380;DECALIA SICAV-CIRCULAR ECONOMY;USD;IE;I EUR;EUR;SUBSCRIPTION;1912.06;14/01/2021;241913.83;284321.4285;241913.83;1;31/03/2021;31/03/2021
343;LU1787061529;274380;DECALIA SICAV-CIRCULAR ECONOMY;USD;IE;I EUR;EUR;SUBSCRIPTION;1856.32;13/01/2021;234675.98;275814.780281;234675.98;1;31/03/2021;31/03/2021
343;LU1787061529;274380;DECALIA SICAV-CIRCULAR ECONOMY;USD;IE;I EUR;EUR;SUBSCRIPTION;2759.08;12/01/2021;349851.35;411180.442205;349851.35;1;31/03/2021;31/03/2021
343;LU1787061529;274380;DECALIA SICAV-CIRCULAR ECONOMY;USD;IE;I EUR;EUR;REDEMPTION;174.95;11/01/2021;22409.35;26337.718698;22409.35;1;31/03/2021;31/03/2021
343;LU1787061529;274380;DECALIA SICAV-CIRCULAR ECONOMY;USD;IE;I EUR;EUR;SUBSCRIPTION;26.93;07/01/2021;3399.64;3995.598355;3399.64;1;31/03/2021;31/03/2021
343;LU1787061529;274380;DECALIA SICAV-CIRCULAR ECONOMY;USD;IE;I EUR;EUR;SUBSCRIPTION;311.41;06/01/2021;39091.3;45944.021712;39091.3;1;31/03/2021;31/03/2021
343;LU1787061529;274380;DECALIA SICAV-CIRCULAR ECONOMY;USD;IE;I EUR;EUR;SUBSCRIPTION;387;05/01/2021;48498.84;57000.707522;48498.84;1;31/03/2021;31/03/2021
343;LU1787061529;274380;DECALIA SICAV-CIRCULAR ECONOMY;USD;IE;I EUR;EUR;SUBSCRIPTION;618.63;04/01/2021;77873.14;91524.334953;77873.14;1;31/03/2021;31/03/2021
343;LU1787061529;274380;DECALIA SICAV-CIRCULAR ECONOMY;USD;IE;I EUR;EUR;SUBSCRIPTION;71.32;10/03/2021;8866.51;10420.813018;8866.51;1;31/03/2021;31/03/2021
343;LU1787061529;274380;DECALIA SICAV-CIRCULAR ECONOMY;USD;IE;I EUR;EUR;REDEMPTION;10.75;09/03/2021;1324.29;1556.438607;1324.29;1;31/03/2021;31/03/2021
343;LU1787061529;274380;DECALIA SICAV-CIRCULAR ECONOMY;USD;IE;I EUR;EUR;SUBSCRIPTION;82.78;09/03/2021;10197.67;11985.325939;10197.67;1;31/03/2021;31/03/2021
343;LU1787061529;274380;DECALIA SICAV-CIRCULAR ECONOMY;USD;IE;I EUR;EUR;SUBSCRIPTION;48.55;08/03/2021;5949.8;6992.8025;5949.8;1;31/03/2021;31/03/2021
343;LU1787061529;274380;DECALIA SICAV-CIRCULAR ECONOMY;USD;IE;I EUR;EUR;SUBSCRIPTION;30.77;05/03/2021;3751.79;4409.480401;3751.79;1;31/03/2021;31/03/2021
343;LU1787061529;274380;DECALIA SICAV-CIRCULAR ECONOMY;USD;IE;I EUR;EUR;REDEMPTION;120;05/03/2021;14631.6;17196.525776;14631.6;1;31/03/2021;31/03/2021
343;LU1787061529;274380;DECALIA SICAV-CIRCULAR ECONOMY;USD;IE;I EUR;EUR;REDEMPTION;150;04/03/2021;18553.5;21805.936534;18553.5;1;31/03/2021;31/03/2021
343;LU1787061529;274380;DECALIA SICAV-CIRCULAR ECONOMY;USD;IE;I EUR;EUR;SUBSCRIPTION;227.72;04/03/2021;28166.69;33104.322878;28166.69;1;31/03/2021;31/03/2021
343;LU1787061529;274380;DECALIA SICAV-CIRCULAR ECONOMY;USD;IE;I EUR;EUR;REDEMPTION;99.89;03/03/2021;12493.24;14683.310348;12493.24;1;31/03/2021;31/03/2021
343;LU1787061529;274380;DECALIA SICAV-CIRCULAR ECONOMY;USD;IE;I EUR;EUR;SUBSCRIPTION;4523.83;03/03/2021;565795.42;664979.600602;565795.42;1;31/03/2021;31/03/2021
343;LU1787061529;274380;DECALIA SICAV-CIRCULAR ECONOMY;USD;IE;I EUR;EUR;REDEMPTION;50;02/03/2021;6279.5;7380.299052;6279.5;1;31/03/2021;31/03/2021
343;LU1787061529;274380;DECALIA SICAV-CIRCULAR ECONOMY;USD;IE;I EUR;EUR;SUBSCRIPTION;214.41;02/03/2021;26927.75;31648.196163;26927.75;1;31/03/2021;31/03/2021
343;LU1787061529;274380;DECALIA SICAV-CIRCULAR ECONOMY;USD;IE;I EUR;EUR;SUBSCRIPTION;300.84;01/03/2021;37114.63;43620.84061;37114.63;1;31/03/2021;31/03/2021
343;LU1787061529;274380;DECALIA SICAV-CIRCULAR ECONOMY;USD;IE;I EUR;EUR;SUBSCRIPTION;213.93;26/02/2021;26636.42;31305.795888;26636.42;1;31/03/2021;31/03/2021
343;LU1787059036;274380;DECALIA SICAV-CIRCULAR ECONOMY;USD;A1U;A1 USD;USD;SUBSCRIPTION;1540.83;18/03/2021;199367.99;199367.99;169631.512808;.850846;31/03/2021;31/03/2021
343;LU1787059036;274380;DECALIA SICAV-CIRCULAR ECONOMY;USD;A1U;A1 USD;USD;SUBSCRIPTION;5787;17/03/2021;750400.29;750400.29;638475.295881;.850846;31/03/2021;31/03/2021
343;LU1787059036;274380;DECALIA SICAV-CIRCULAR ECONOMY;USD;A1U;A1 USD;USD;SUBSCRIPTION;1926.04;16/03/2021;249999.99;249999.99;212711.561699;.850846;31/03/2021;31/03/2021
343;LU1787059036;274380;DECALIA SICAV-CIRCULAR ECONOMY;USD;A1U;A1 USD;USD;SUBSCRIPTION;745;15/03/2021;96477.5;96477.5;82087.522059;.850846;31/03/2021;31/03/2021
343;LU1787059036;274380;DECALIA SICAV-CIRCULAR ECONOMY;USD;A1U;A1 USD;USD;SUBSCRIPTION;200;12/03/2021;25918;25918;22052.233907;.850846;31/03/2021;31/03/2021
343;LU1787059036;274380;DECALIA SICAV-CIRCULAR ECONOMY;USD;A1U;A1 USD;USD;REDEMPTION;245;04/03/2021;30960.65;30960.65;26342.753905;.850846;31/03/2021;31/03/2021
343;LU1787059036;274380;DECALIA SICAV-CIRCULAR ECONOMY;USD;A1U;A1 USD;USD;SUBSCRIPTION;4250;24/02/2021;547867.5;547867.5;466151.024763;.850846;31/03/2021;31/03/2021
343;LU1787059036;274380;DECALIA SICAV-CIRCULAR ECONOMY;USD;A1U;A1 USD;USD;SUBSCRIPTION;600;11/02/2021;78204;78204;66539.582546;.850846;31/03/2021;31/03/2021
343;LU1787059036;274380;DECALIA SICAV-CIRCULAR ECONOMY;USD;A1U;A1 USD;USD;SUBSCRIPTION;160;04/02/2021;20552;20552;17486.592764;.850846;31/03/2021;31/03/2021
343;LU1787059036;274380;DECALIA SICAV-CIRCULAR ECONOMY;USD;A1U;A1 USD;USD;SUBSCRIPTION;200;02/02/2021;25436;25436;21642.125999;.850846;31/03/2021;31/03/2021
343;LU1787059036;274380;DECALIA SICAV-CIRCULAR ECONOMY;USD;A1U;A1 USD;USD;SUBSCRIPTION;40;25/01/2021;5170;5170;4398.875272;.850846;31/03/2021;31/03/2021
343;LU1787059036;274380;DECALIA SICAV-CIRCULAR ECONOMY;USD;A1U;A1 USD;USD;SUBSCRIPTION;840;21/01/2021;108595.2;108595.2;92397.822036;.850846;31/03/2021;31/03/2021
343;LU1787059036;274380;DECALIA SICAV-CIRCULAR ECONOMY;USD;A1U;A1 USD;USD;REDEMPTION;131.51;21/01/2021;17001.61;17001.61;14465.756637;.850846;31/03/2021;31/03/2021
343;LU1787059036;274380;DECALIA SICAV-CIRCULAR ECONOMY;USD;A1U;A1 USD;USD;REDEMPTION;238.77;20/01/2021;30543.46;30543.46;25987.789345;.850846;31/03/2021;31/03/2021
343;LU1787059036;274380;DECALIA SICAV-CIRCULAR ECONOMY;USD;A1U;A1 USD;USD;SUBSCRIPTION;150;14/01/2021;19390.5;19390.5;16498.334808;.850846;31/03/2021;31/03/2021
343;LU1787059036;274380;DECALIA SICAV-CIRCULAR ECONOMY;USD;A1U;A1 USD;USD;SUBSCRIPTION;118;05/01/2021;15107.54;15107.54;12854.194221;.850846;31/03/2021;31/03/2021
343;LU1787061107;274380;DECALIA SICAV-CIRCULAR ECONOMY;USD;I;I USD;USD;SUBSCRIPTION;3190;31/03/2021;428289.4;428289.4;364408.443109;.850846;31/03/2021;31/03/2021
343;LU1787061107;274380;DECALIA SICAV-CIRCULAR ECONOMY;USD;I;I USD;USD;REDEMPTION;120;31/03/2021;16111.2;16111.2;13708.1546;.850846;31/03/2021;31/03/2021
343;LU1787061107;274380;DECALIA SICAV-CIRCULAR ECONOMY;USD;I;I USD;USD;SUBSCRIPTION;5.04;30/03/2021;676.67;676.67;575.742153;.850846;31/03/2021;31/03/2021
343;LU1787061107;274380;DECALIA SICAV-CIRCULAR ECONOMY;USD;I;I USD;USD;SUBSCRIPTION;454;29/03/2021;61208.28;61208.28;52078.837394;.850846;31/03/2021;31/03/2021
343;LU1787061107;274380;DECALIA SICAV-CIRCULAR ECONOMY;USD;I;I USD;USD;SUBSCRIPTION;860;25/03/2021;113855.4;113855.4;96873.443642;.850846;31/03/2021;31/03/2021
343;LU1787061107;274380;DECALIA SICAV-CIRCULAR ECONOMY;USD;I;I USD;USD;REDEMPTION;305.95;24/03/2021;40862.68;40862.68;34767.859303;.850846;31/03/2021;31/03/2021
343;LU1787061107;274380;DECALIA SICAV-CIRCULAR ECONOMY;USD;I;I USD;USD;REDEMPTION;1000;23/03/2021;134460;134460;114404.79092;.850846;31/03/2021;31/03/2021
343;LU1787061107;274380;DECALIA SICAV-CIRCULAR ECONOMY;USD;I;I USD;USD;SUBSCRIPTION;560;23/03/2021;75297.6;75297.6;64066.682915;.850846;31/03/2021;31/03/2021
343;LU1787061107;274380;DECALIA SICAV-CIRCULAR ECONOMY;USD;I;I USD;USD;REDEMPTION;2.26;22/03/2021;301.91;301.91;256.879001;.850846;31/03/2021;31/03/2021
343;LU1787061107;274380;DECALIA SICAV-CIRCULAR ECONOMY;USD;I;I USD;USD;SUBSCRIPTION;13.22;22/03/2021;1766.06;1766.06;1502.645583;.850846;31/03/2021;31/03/2021
343;LU1787061107;274380;DECALIA SICAV-CIRCULAR ECONOMY;USD;I;I USD;USD;REDEMPTION;25.99;19/03/2021;3478.24;3478.24;2959.447568;.850846;31/03/2021;31/03/2021
343;LU1787061107;274380;DECALIA SICAV-CIRCULAR ECONOMY;USD;I;I USD;USD;SUBSCRIPTION;672.49;19/03/2021;89999.34;89999.34;76575.603716;.850846;31/03/2021;31/03/2021
343;LU1787061107;274380;DECALIA SICAV-CIRCULAR ECONOMY;USD;I;I USD;USD;REDEMPTION;.13;18/03/2021;17.49;17.49;14.881301;.850846;31/03/2021;31/03/2021
343;LU1787061107;274380;DECALIA SICAV-CIRCULAR ECONOMY;USD;I;I USD;USD;SUBSCRIPTION;25;18/03/2021;3363;3363;2861.396042;.850846;31/03/2021;31/03/2021
343;LU1787061107;274380;DECALIA SICAV-CIRCULAR ECONOMY;USD;I;I USD;USD;SUBSCRIPTION;544;17/03/2021;73331.2;73331.2;62393.578789;.850846;31/03/2021;31/03/2021
343;LU1787061107;274380;DECALIA SICAV-CIRCULAR ECONOMY;USD;I;I USD;USD;REDEMPTION;6.39;17/03/2021;861.37;861.37;732.893461;.850846;31/03/2021;31/03/2021
343;LU1787061107;274380;DECALIA SICAV-CIRCULAR ECONOMY;USD;I;I USD;USD;SUBSCRIPTION;741.13;16/03/2021;100000.67;100000.67;85085.19815;.850846;31/03/2021;31/03/2021
343;LU1787061107;274380;DECALIA SICAV-CIRCULAR ECONOMY;USD;I;I USD;USD;REDEMPTION;22.19;16/03/2021;2994.1;2994.1;2547.518849;.850846;31/03/2021;31/03/2021
343;LU1787061107;274380;DECALIA SICAV-CIRCULAR ECONOMY;USD;I;I USD;USD;REDEMPTION;1.08;15/03/2021;145.38;145.38;123.696032;.850846;31/03/2021;31/03/2021
343;LU1787061107;274380;DECALIA SICAV-CIRCULAR ECONOMY;USD;I;I USD;USD;SUBSCRIPTION;2442.84;11/03/2021;324726.72;324726.72;276292.521998;.850846;31/03/2021;31/03/2021
343;LU1787061107;274380;DECALIA SICAV-CIRCULAR ECONOMY;USD;I;I USD;USD;REDEMPTION;21.23;11/03/2021;2822.1;2822.1;2401.173289;.850846;31/03/2021;31/03/2021
343;LU1787061107;274380;DECALIA SICAV-CIRCULAR ECONOMY;USD;I;I USD;USD;REDEMPTION;24.04;10/03/2021;3174.48;3174.48;2700.994502;.850846;31/03/2021;31/03/2021
343;LU1787061107;274380;DECALIA SICAV-CIRCULAR ECONOMY;USD;I;I USD;USD;SUBSCRIPTION;435;10/03/2021;57441.75;57441.75;48874.099352;.850846;31/03/2021;31/03/2021
343;LU1787061107;274380;DECALIA SICAV-CIRCULAR ECONOMY;USD;I;I USD;USD;REDEMPTION;16.28;09/03/2021;2130.08;2130.08;1812.370646;.850846;31/03/2021;31/03/2021
343;LU1787061107;274380;DECALIA SICAV-CIRCULAR ECONOMY;USD;I;I USD;USD;SUBSCRIPTION;8.92;09/03/2021;1167.09;1167.09;993.014186;.850846;31/03/2021;31/03/2021
343;LU1787061107;274380;DECALIA SICAV-CIRCULAR ECONOMY;USD;I;I USD;USD;REDEMPTION;5211.47;08/03/2021;678324.94;678324.94;577150.252393;.850846;31/03/2021;31/03/2021
343;LU1787061107;274380;DECALIA SICAV-CIRCULAR ECONOMY;USD;I;I USD;USD;SUBSCRIPTION;45.92;08/03/2021;5976.95;5976.95;5085.465678;.850846;31/03/2021;31/03/2021
343;LU1787061107;274380;DECALIA SICAV-CIRCULAR ECONOMY;USD;I;I USD;USD;SUBSCRIPTION;487;05/03/2021;63056.76;63056.76;53651.609727;.850846;31/03/2021;31/03/2021
343;LU1787061107;274380;DECALIA SICAV-CIRCULAR ECONOMY;USD;I;I USD;USD;REDEMPTION;4610.23;05/03/2021;596932.58;596932.58;507897.865599;.850846;31/03/2021;31/03/2021
343;LU1787061107;274380;DECALIA SICAV-CIRCULAR ECONOMY;USD;I;I USD;USD;REDEMPTION;7.75;04/03/2021;1017.81;1017.81;865.999853;.850846;31/03/2021;31/03/2021
343;LU1787061107;274380;DECALIA SICAV-CIRCULAR ECONOMY;USD;I;I USD;USD;SUBSCRIPTION;6.32;03/03/2021;839.3;839.3;714.115284;.850846;31/03/2021;31/03/2021
343;LU1787061107;274380;DECALIA SICAV-CIRCULAR ECONOMY;USD;I;I USD;USD;SUBSCRIPTION;43.79;02/03/2021;5838.96;5838.96;4968.0574;.850846;31/03/2021;31/03/2021
343;LU1787061107;274380;DECALIA SICAV-CIRCULAR ECONOMY;USD;I;I USD;USD;SUBSCRIPTION;3.07;01/03/2021;402.11;402.11;342.133798;.850846;31/03/2021;31/03/2021
343;LU1787061107;274380;DECALIA SICAV-CIRCULAR ECONOMY;USD;I;I USD;USD;SUBSCRIPTION;400;25/02/2021;53548;53548;45561.116646;.850846;31/03/2021;31/03/2021
343;LU1787061107;274380;DECALIA SICAV-CIRCULAR ECONOMY;USD;I;I USD;USD;REDEMPTION;14.27;24/02/2021;1911.47;1911.47;1626.36714;.850846;31/03/2021;31/03/2021
343;LU1787061107;274380;DECALIA SICAV-CIRCULAR ECONOMY;USD;I;I USD;USD;SUBSCRIPTION;23.49;24/02/2021;3146.49;3146.49;2677.179314;.850846;31/03/2021;31/03/2021
343;LU1787061107;274380;DECALIA SICAV-CIRCULAR ECONOMY;USD;I;I USD;USD;REDEMPTION;21.39;23/02/2021;2875.03;2875.03;2446.208583;.850846;31/03/2021;31/03/2021
343;LU1787061107;274380;DECALIA SICAV-CIRCULAR ECONOMY;USD;I;I USD;USD;SUBSCRIPTION;614;23/02/2021;82527.74;82527.74;70218.420644;.850846;31/03/2021;31/03/2021
343;LU1787061107;274380;DECALIA SICAV-CIRCULAR ECONOMY;USD;I;I USD;USD;SUBSCRIPTION;869.03;22/02/2021;118083.8;118083.8;100471.162056;.850846;31/03/2021;31/03/2021
343;LU1787061107;274380;DECALIA SICAV-CIRCULAR ECONOMY;USD;I;I USD;USD;REDEMPTION;19.16;22/02/2021;2603.46;2603.46;2215.144258;.850846;31/03/2021;31/03/2021
343;LU1787061107;274380;DECALIA SICAV-CIRCULAR ECONOMY;USD;I;I USD;USD;SUBSCRIPTION;74.96;19/02/2021;10178.82;10178.82;8660.61114;.850846;31/03/2021;31/03/2021
343;LU1787061107;274380;DECALIA SICAV-CIRCULAR ECONOMY;USD;I;I USD;USD;SUBSCRIPTION;1.2;18/02/2021;163.48;163.48;139.09635;.850846;31/03/2021;31/03/2021
343;LU1787061107;274380;DECALIA SICAV-CIRCULAR ECONOMY;USD;I;I USD;USD;SUBSCRIPTION;480;17/02/2021;65942.4;65942.4;56106.845789;.850846;31/03/2021;31/03/2021
343;LU1787061107;274380;DECALIA SICAV-CIRCULAR ECONOMY;USD;I;I USD;USD;REDEMPTION;.52;15/02/2021;71.4;71.4;60.750424;.850846;31/03/2021;31/03/2021
343;LU1787061107;274380;DECALIA SICAV-CIRCULAR ECONOMY;USD;I;I USD;USD;SUBSCRIPTION;2333.46;15/02/2021;320407.39;320407.39;272617.436132;.850846;31/03/2021;31/03/2021
343;LU1787061107;274380;DECALIA SICAV-CIRCULAR ECONOMY;USD;I;I USD;USD;REDEMPTION;65.64;12/02/2021;8947.39;8947.39;7612.853505;.850846;31/03/2021;31/03/2021
343;LU1787061107;274380;DECALIA SICAV-CIRCULAR ECONOMY;USD;I;I USD;USD;SUBSCRIPTION;23.86;12/02/2021;3252.36;3252.36;2767.25841;.850846;31/03/2021;31/03/2021
343;LU1787061107;274380;DECALIA SICAV-CIRCULAR ECONOMY;USD;I;I USD;USD;SUBSCRIPTION;2.01;11/02/2021;272.13;272.13;231.540798;.850846;31/03/2021;31/03/2021
343;LU1787061107;274380;DECALIA SICAV-CIRCULAR ECONOMY;USD;I;I USD;USD;SUBSCRIPTION;3264;10/02/2021;441553.92;441553.92;375694.510618;.850846;31/03/2021;31/03/2021
343;LU1787061107;274380;DECALIA SICAV-CIRCULAR ECONOMY;USD;I;I USD;USD;SUBSCRIPTION;375;09/02/2021;50655;50655;43099.618355;.850846;31/03/2021;31/03/2021
343;LU1787061107;274380;DECALIA SICAV-CIRCULAR ECONOMY;USD;I;I USD;USD;SUBSCRIPTION;13.84;08/02/2021;1856.77;1856.77;1579.825849;.850846;31/03/2021;31/03/2021
343;LU1787061107;274380;DECALIA SICAV-CIRCULAR ECONOMY;USD;I;I USD;USD;SUBSCRIPTION;22.42;05/02/2021;2993.29;2993.29;2546.829664;.850846;31/03/2021;31/03/2021
343;LU1787061107;274380;DECALIA SICAV-CIRCULAR ECONOMY;USD;I;I USD;USD;REDEMPTION;1300;05/02/2021;173563;173563;147675.43304;.850846;31/03/2021;31/03/2021
343;LU1787061107;274380;DECALIA SICAV-CIRCULAR ECONOMY;USD;I;I USD;USD;SUBSCRIPTION;15.84;04/02/2021;2113.21;2113.21;1798.016869;.850846;31/03/2021;31/03/2021
343;LU1787061107;274380;DECALIA SICAV-CIRCULAR ECONOMY;USD;I;I USD;USD;SUBSCRIPTION;200;03/02/2021;26630;26630;22658.036459;.850846;31/03/2021;31/03/2021
343;LU1787061107;274380;DECALIA SICAV-CIRCULAR ECONOMY;USD;I;I USD;USD;REDEMPTION;68.66;02/02/2021;9069.3;9069.3;7716.580175;.850846;31/03/2021;31/03/2021
343;LU1787061107;274380;DECALIA SICAV-CIRCULAR ECONOMY;USD;I;I USD;USD;SUBSCRIPTION;6.91;02/02/2021;912.74;912.74;776.601434;.850846;31/03/2021;31/03/2021
343;LU1787061107;274380;DECALIA SICAV-CIRCULAR ECONOMY;USD;I;I USD;USD;SUBSCRIPTION;56.15;01/02/2021;7327.01;7327.01;6234.159208;.850846;31/03/2021;31/03/2021
343;LU1787061107;274380;DECALIA SICAV-CIRCULAR ECONOMY;USD;I;I USD;USD;REDEMPTION;24.1;01/02/2021;3144.81;3144.81;2675.749892;.850846;31/03/2021;31/03/2021
343;LU1787061107;274380;DECALIA SICAV-CIRCULAR ECONOMY;USD;I;I USD;USD;SUBSCRIPTION;37.13;31/01/2021;4915.64;4915.64;4182.454012;.850846;31/03/2021;31/03/2021
343;LU1787061107;274380;DECALIA SICAV-CIRCULAR ECONOMY;USD;I;I USD;USD;REDEMPTION;8.65;28/01/2021;1137.22;1137.22;967.599407;.850846;31/03/2021;31/03/2021
343;LU1787061107;274380;DECALIA SICAV-CIRCULAR ECONOMY;USD;I;I USD;USD;SUBSCRIPTION;1541.05;27/01/2021;206670.22;206670.22;175844.588045;.850846;31/03/2021;31/03/2021
343;LU1787061107;274380;DECALIA SICAV-CIRCULAR ECONOMY;USD;I;I USD;USD;SUBSCRIPTION;2.27;26/01/2021;303.43;303.43;258.172287;.850846;31/03/2021;31/03/2021
343;LU1787061107;274380;DECALIA SICAV-CIRCULAR ECONOMY;USD;I;I USD;USD;SUBSCRIPTION;84.19;25/01/2021;11299.14;11299.14;9613.831246;.850846;31/03/2021;31/03/2021
343;LU1787061107;274380;DECALIA SICAV-CIRCULAR ECONOMY;USD;I;I USD;USD;SUBSCRIPTION;700;22/01/2021;94220;94220;80166.73658;.850846;31/03/2021;31/03/2021
343;LU1787061107;274380;DECALIA SICAV-CIRCULAR ECONOMY;USD;I;I USD;USD;REDEMPTION;13.1;22/01/2021;1763.26;1763.26;1500.263213;.850846;31/03/2021;31/03/2021
343;LU1787061107;274380;DECALIA SICAV-CIRCULAR ECONOMY;USD;I;I USD;USD;SUBSCRIPTION;1.7;21/01/2021;228.21;228.21;194.17163;.850846;31/03/2021;31/03/2021
343;LU1787061107;274380;DECALIA SICAV-CIRCULAR ECONOMY;USD;I;I USD;USD;SUBSCRIPTION;32.32;20/01/2021;4292.74;4292.74;3652.461864;.850846;31/03/2021;31/03/2021
343;LU1787061107;274380;DECALIA SICAV-CIRCULAR ECONOMY;USD;I;I USD;USD;REDEMPTION;133.3;20/01/2021;17704.91;17704.91;15064.156826;.850846;31/03/2021;31/03/2021
343;LU1787061107;274380;DECALIA SICAV-CIRCULAR ECONOMY;USD;I;I USD;USD;SUBSCRIPTION;31.35;18/01/2021;4151.99;4151.99;3532.70525;.850846;31/03/2021;31/03/2021
343;LU1787061107;274380;DECALIA SICAV-CIRCULAR ECONOMY;USD;I;I USD;USD;REDEMPTION;108.67;15/01/2021;14509.62;14509.62;12345.456213;.850846;31/03/2021;31/03/2021
343;LU1787061107;274380;DECALIA SICAV-CIRCULAR ECONOMY;USD;I;I USD;USD;SUBSCRIPTION;10.07;15/01/2021;1344.55;1344.55;1144.005367;.850846;31/03/2021;31/03/2021
343;LU1787061107;274380;DECALIA SICAV-CIRCULAR ECONOMY;USD;I;I USD;USD;SUBSCRIPTION;28.42;13/01/2021;3810.84;3810.84;3242.439041;.850846;31/03/2021;31/03/2021
343;LU1787061107;274380;DECALIA SICAV-CIRCULAR ECONOMY;USD;I;I USD;USD;SUBSCRIPTION;33.95;12/01/2021;4566.28;4566.28;3885.202355;.850846;31/03/2021;31/03/2021
343;LU1787061107;274380;DECALIA SICAV-CIRCULAR ECONOMY;USD;I;I USD;USD;REDEMPTION;.44;11/01/2021;59.78;59.78;50.863591;.850846;31/03/2021;31/03/2021
343;LU1787061107;274380;DECALIA SICAV-CIRCULAR ECONOMY;USD;I;I USD;USD;SUBSCRIPTION;1300;11/01/2021;176618;176618;150274.768428;.850846;31/03/2021;31/03/2021
343;LU1787061107;274380;DECALIA SICAV-CIRCULAR ECONOMY;USD;I;I USD;USD;SUBSCRIPTION;27.95;05/01/2021;3714.28;3714.28;3160.281324;.850846;31/03/2021;31/03/2021
343;LU1787061362;274380;DECALIA SICAV-CIRCULAR ECONOMY;USD;IC;I CHF H P;CHF;REDEMPTION;150;30/03/2021;18924;20107.315518;17108.234626;.90405;31/03/2021;31/03/2021
343;LU1787061362;274380;DECALIA SICAV-CIRCULAR ECONOMY;USD;IC;I CHF H P;CHF;SUBSCRIPTION;10;29/03/2021;1267.1;1346.331616;1145.521248;.90405;31/03/2021;31/03/2021
343;LU1787061362;274380;DECALIA SICAV-CIRCULAR ECONOMY;USD;IC;I CHF H P;CHF;SUBSCRIPTION;25;24/03/2021;3138.75;3335.015672;2837.585681;.90405;31/03/2021;31/03/2021
343;LU1787061362;274380;DECALIA SICAV-CIRCULAR ECONOMY;USD;IC;I CHF H P;CHF;SUBSCRIPTION;350;18/03/2021;44271.5;47039.791744;40023.631857;.90405;31/03/2021;31/03/2021
343;LU1787061362;274380;DECALIA SICAV-CIRCULAR ECONOMY;USD;IC;I CHF H P;CHF;REDEMPTION;1848;17/03/2021;234215.52;248860.989215;211742.447118;.90405;31/03/2021;31/03/2021
343;LU1787061362;274380;DECALIA SICAV-CIRCULAR ECONOMY;USD;IC;I CHF H P;CHF;REDEMPTION;79;16/03/2021;10022.73;10649.450141;9061.045045;.90405;31/03/2021;31/03/2021
343;LU1787061362;274380;DECALIA SICAV-CIRCULAR ECONOMY;USD;IC;I CHF H P;CHF;SUBSCRIPTION;1410;16/03/2021;178886.7;190072.464538;161722.44954;.90405;31/03/2021;31/03/2021
343;LU1787061362;274380;DECALIA SICAV-CIRCULAR ECONOMY;USD;IC;I CHF H P;CHF;SUBSCRIPTION;885;15/03/2021;112023.3;119028.103915;101274.619531;.90405;31/03/2021;31/03/2021
343;LU1787061362;274380;DECALIA SICAV-CIRCULAR ECONOMY;USD;IC;I CHF H P;CHF;REDEMPTION;274;12/03/2021;34704.84;36874.929607;31374.896712;.90405;31/03/2021;31/03/2021
343;LU1787061362;274380;DECALIA SICAV-CIRCULAR ECONOMY;USD;IC;I CHF H P;CHF;SUBSCRIPTION;2650;10/03/2021;329130;349710.460607;297549.844775;.90405;31/03/2021;31/03/2021
343;LU1787061362;274380;DECALIA SICAV-CIRCULAR ECONOMY;USD;IC;I CHF H P;CHF;SUBSCRIPTION;200;09/03/2021;24616;26155.235616;22254.084948;.90405;31/03/2021;31/03/2021
343;LU1787061362;274380;DECALIA SICAV-CIRCULAR ECONOMY;USD;IC;I CHF H P;CHF;REDEMPTION;470;05/03/2021;57250.7;60830.57961;51757.472422;.90405;31/03/2021;31/03/2021
343;LU1787061362;274380;DECALIA SICAV-CIRCULAR ECONOMY;USD;IC;I CHF H P;CHF;SUBSCRIPTION;45;24/02/2021;5672.25;6026.935133;5127.995342;.90405;31/03/2021;31/03/2021
343;LU1787061362;274380;DECALIA SICAV-CIRCULAR ECONOMY;USD;IC;I CHF H P;CHF;SUBSCRIPTION;124;19/02/2021;15849.68;16840.758646;14328.896861;.90405;31/03/2021;31/03/2021
343;LU1787061362;274380;DECALIA SICAV-CIRCULAR ECONOMY;USD;IC;I CHF H P;CHF;SUBSCRIPTION;125;18/02/2021;16028.75;17031.025873;14490.785022;.90405;31/03/2021;31/03/2021
343;LU1787061362;274380;DECALIA SICAV-CIRCULAR ECONOMY;USD;IC;I CHF H P;CHF;SUBSCRIPTION;24.19;16/02/2021;3133.57;3329.511768;2832.902704;.90405;31/03/2021;31/03/2021
343;LU1787061362;274380;DECALIA SICAV-CIRCULAR ECONOMY;USD;IC;I CHF H P;CHF;SUBSCRIPTION;195;15/02/2021;25207.65;26783.881422;22788.965894;.90405;31/03/2021;31/03/2021
343;LU1787061362;274380;DECALIA SICAV-CIRCULAR ECONOMY;USD;IC;I CHF H P;CHF;SUBSCRIPTION;226;12/02/2021;29002.58;30816.107953;26219.770842;.90405;31/03/2021;31/03/2021
343;LU1787061362;274380;DECALIA SICAV-CIRCULAR ECONOMY;USD;IC;I CHF H P;CHF;SUBSCRIPTION;120;11/02/2021;15296.4;16252.882112;13828.704298;.90405;31/03/2021;31/03/2021
343;LU1787061362;274380;DECALIA SICAV-CIRCULAR ECONOMY;USD;IC;I CHF H P;CHF;REDEMPTION;670;10/02/2021;85337.9;90674.068958;77149.694341;.90405;31/03/2021;31/03/2021
343;LU1787061362;274380;DECALIA SICAV-CIRCULAR ECONOMY;USD;IC;I CHF H P;CHF;SUBSCRIPTION;55;10/02/2021;7005.35;7443.39372;6333.183864;.90405;31/03/2021;31/03/2021
343;LU1787061362;274380;DECALIA SICAV-CIRCULAR ECONOMY;USD;IC;I CHF H P;CHF;SUBSCRIPTION;4000;09/02/2021;508800;540615.204803;459980.436367;.90405;31/03/2021;31/03/2021
343;LU1787061362;274380;DECALIA SICAV-CIRCULAR ECONOMY;USD;IC;I CHF H P;CHF;SUBSCRIPTION;100;08/02/2021;12634;13424.00255;11421.762644;.90405;31/03/2021;31/03/2021
343;LU1787061362;274380;DECALIA SICAV-CIRCULAR ECONOMY;USD;IC;I CHF H P;CHF;REDEMPTION;80;02/02/2021;9952;10574.297402;8997.101617;.90405;31/03/2021;31/03/2021
343;LU1787061362;274380;DECALIA SICAV-CIRCULAR ECONOMY;USD;IC;I CHF H P;CHF;SUBSCRIPTION;121;01/02/2021;14870.9;15800.775647;13444.031193;.90405;31/03/2021;31/03/2021
343;LU1787061362;274380;DECALIA SICAV-CIRCULAR ECONOMY;USD;IC;I CHF H P;CHF;SUBSCRIPTION;2529;27/01/2021;319437.99;339412.410349;288787.787013;.90405;31/03/2021;31/03/2021
343;LU1787061362;274380;DECALIA SICAV-CIRCULAR ECONOMY;USD;IC;I CHF H P;CHF;SUBSCRIPTION;609;22/01/2021;77221.2;82049.832652;69811.794954;.90405;31/03/2021;31/03/2021
343;LU1787061362;274380;DECALIA SICAV-CIRCULAR ECONOMY;USD;IC;I CHF H P;CHF;SUBSCRIPTION;230;21/01/2021;29088.1;30906.975509;26297.085163;.90405;31/03/2021;31/03/2021
343;LU1787061362;274380;DECALIA SICAV-CIRCULAR ECONOMY;USD;IC;I CHF H P;CHF;REDEMPTION;180;18/01/2021;22465.8;23870.58386;20310.197499;.90405;31/03/2021;31/03/2021
343;LU1787061362;274380;DECALIA SICAV-CIRCULAR ECONOMY;USD;IC;I CHF H P;CHF;SUBSCRIPTION;862;15/01/2021;108456.84;115238.633587;98050.362795;.90405;31/03/2021;31/03/2021
343;LU1787061362;274380;DECALIA SICAV-CIRCULAR ECONOMY;USD;IC;I CHF H P;CHF;SUBSCRIPTION;165;13/01/2021;20851.05;22154.863731;18850.383407;.90405;31/03/2021;31/03/2021
343;LU1787061362;274380;DECALIA SICAV-CIRCULAR ECONOMY;USD;IC;I CHF H P;CHF;REDEMPTION;300;11/01/2021;38412;40813.897891;34726.353227;.90405;31/03/2021;31/03/2021
343;LU1787061362;274380;DECALIA SICAV-CIRCULAR ECONOMY;USD;IC;I CHF H P;CHF;SUBSCRIPTION;120;11/01/2021;15364.8;16325.559156;13890.541291;.90405;31/03/2021;31/03/2021
343;LU1787061362;274380;DECALIA SICAV-CIRCULAR ECONOMY;USD;IC;I CHF H P;CHF;SUBSCRIPTION;350;08/01/2021;44544.5;47329.862402;40270.437397;.90405;31/03/2021;31/03/2021
343;LU1787061362;274380;DECALIA SICAV-CIRCULAR ECONOMY;USD;IC;I CHF H P;CHF;SUBSCRIPTION;1020;07/01/2021;128724;136773.096743;116372.880682;.90405;31/03/2021;31/03/2021
343;LU1787061362;274380;DECALIA SICAV-CIRCULAR ECONOMY;USD;IC;I CHF H P;CHF;SUBSCRIPTION;606;06/01/2021;76040.88;80795.707379;68744.727131;.90405;31/03/2021;31/03/2021
343;LU1787061362;274380;DECALIA SICAV-CIRCULAR ECONOMY;USD;IC;I CHF H P;CHF;REDEMPTION;220;05/01/2021;27559.4;29282.686076;24915.06454;.90405;31/03/2021;31/03/2021
343;LU1787060471;274380;DECALIA SICAV-CIRCULAR ECONOMY;USD;R;R USD H P;USD;SUBSCRIPTION;215;31/03/2021;28063.95;28063.95;23878.107483;.850846;31/03/2021;31/03/2021
343;LU1787060471;274380;DECALIA SICAV-CIRCULAR ECONOMY;USD;R;R USD H P;USD;SUBSCRIPTION;56.25;30/03/2021;7342.31;7342.31;6247.177156;.850846;31/03/2021;31/03/2021
343;LU1787060471;274380;DECALIA SICAV-CIRCULAR ECONOMY;USD;R;R USD H P;USD;SUBSCRIPTION;226.07;29/03/2021;29633.26;29633.26;25213.34906;.850846;31/03/2021;31/03/2021
343;LU1787060471;274380;DECALIA SICAV-CIRCULAR ECONOMY;USD;R;R USD H P;USD;SUBSCRIPTION;100;26/03/2021;12893;12893;10969.961099;.850846;31/03/2021;31/03/2021
343;LU1787060471;274380;DECALIA SICAV-CIRCULAR ECONOMY;USD;R;R USD H P;USD;REDEMPTION;1393;26/03/2021;179599.49;179599.49;152811.558106;.850846;31/03/2021;31/03/2021
343;LU1787060471;274380;DECALIA SICAV-CIRCULAR ECONOMY;USD;R;R USD H P;USD;SUBSCRIPTION;6.58;25/03/2021;846.98;846.98;720.649783;.850846;31/03/2021;31/03/2021
343;LU1787060471;274380;DECALIA SICAV-CIRCULAR ECONOMY;USD;R;R USD H P;USD;SUBSCRIPTION;464.93;24/03/2021;60375.81;60375.81;51370.533391;.850846;31/03/2021;31/03/2021
343;LU1787060471;274380;DECALIA SICAV-CIRCULAR ECONOMY;USD;R;R USD H P;USD;SUBSCRIPTION;22.93;23/03/2021;2997.64;2997.64;2550.530845;.850846;31/03/2021;31/03/2021
343;LU1787060471;274380;DECALIA SICAV-CIRCULAR ECONOMY;USD;R;R USD H P;USD;SUBSCRIPTION;9402;22/03/2021;1221225.79;1221225.79;1039075.421476;.850846;31/03/2021;31/03/2021
343;LU1787060471;274380;DECALIA SICAV-CIRCULAR ECONOMY;USD;R;R USD H P;USD;REDEMPTION;164.59;22/03/2021;21378.59;21378.59;18189.893791;.850846;31/03/2021;31/03/2021
343;LU1787060471;274380;DECALIA SICAV-CIRCULAR ECONOMY;USD;R;R USD H P;USD;SUBSCRIPTION;120.85;19/03/2021;15725;15725;13379.557766;.850846;31/03/2021;31/03/2021
343;LU1787060471;274380;DECALIA SICAV-CIRCULAR ECONOMY;USD;R;R USD H P;USD;REDEMPTION;55.49;19/03/2021;7220.36;7220.36;6143.416452;.850846;31/03/2021;31/03/2021
343;LU1787060471;274380;DECALIA SICAV-CIRCULAR ECONOMY;USD;R;R USD H P;USD;REDEMPTION;417.67;18/03/2021;54627.06;54627.06;46479.230834;.850846;31/03/2021;31/03/2021
343;LU1787060471;274380;DECALIA SICAV-CIRCULAR ECONOMY;USD;R;R USD H P;USD;REDEMPTION;195.94;17/03/2021;25679.9;25679.9;21849.647407;.850846;31/03/2021;31/03/2021
343;LU1787060471;274380;DECALIA SICAV-CIRCULAR ECONOMY;USD;R;R USD H P;USD;SUBSCRIPTION;141.34;17/03/2021;18524.02;18524.02;15761.093523;.850846;31/03/2021;31/03/2021
343;LU1787060471;274380;DECALIA SICAV-CIRCULAR ECONOMY;USD;R;R USD H P;USD;SUBSCRIPTION;9.16;16/03/2021;1201.79;1201.79;1022.538552;.850846;31/03/2021;31/03/2021
343;LU1787060471;274380;DECALIA SICAV-CIRCULAR ECONOMY;USD;R;R USD H P;USD;REDEMPTION;70;15/03/2021;9161.6;9161.6;7795.113286;.850846;31/03/2021;31/03/2021
343;LU1787060471;274380;DECALIA SICAV-CIRCULAR ECONOMY;USD;R;R USD H P;USD;SUBSCRIPTION;332.12;15/03/2021;43467.86;43467.86;36984.467017;.850846;31/03/2021;31/03/2021
343;LU1787060471;274380;DECALIA SICAV-CIRCULAR ECONOMY;USD;R;R USD H P;USD;SUBSCRIPTION;61.49;12/03/2021;8053.96;8053.96;6852.681912;.850846;31/03/2021;31/03/2021
343;LU1787060471;274380;DECALIA SICAV-CIRCULAR ECONOMY;USD;R;R USD H P;USD;REDEMPTION;1657.08;11/03/2021;214177.59;214177.59;182232.205889;.850846;31/03/2021;31/03/2021
343;LU1787060471;274380;DECALIA SICAV-CIRCULAR ECONOMY;USD;R;R USD H P;USD;SUBSCRIPTION;1663.01;11/03/2021;214944.05;214944.05;182884.345529;.850846;31/03/2021;31/03/2021
343;LU1787060471;274380;DECALIA SICAV-CIRCULAR ECONOMY;USD;R;R USD H P;USD;REDEMPTION;4.48;10/03/2021;575.23;575.23;489.432306;.850846;31/03/2021;31/03/2021
343;LU1787060471;274380;DECALIA SICAV-CIRCULAR ECONOMY;USD;R;R USD H P;USD;SUBSCRIPTION;188.38;10/03/2021;24187.99;24187.99;20580.261332;.850846;31/03/2021;31/03/2021
343;LU1787060471;274380;DECALIA SICAV-CIRCULAR ECONOMY;USD;R;R USD H P;USD;REDEMPTION;3900;09/03/2021;496158;496158;422154.189004;.850846;31/03/2021;31/03/2021
343;LU1787060471;274380;DECALIA SICAV-CIRCULAR ECONOMY;USD;R;R USD H P;USD;SUBSCRIPTION;117.45;09/03/2021;14941.99;14941.99;12713.33662;.850846;31/03/2021;31/03/2021
343;LU1787060471;274380;DECALIA SICAV-CIRCULAR ECONOMY;USD;R;R USD H P;USD;REDEMPTION;10.65;08/03/2021;1347.97;1347.97;1146.915261;.850846;31/03/2021;31/03/2021
343;LU1787060471;274380;DECALIA SICAV-CIRCULAR ECONOMY;USD;R;R USD H P;USD;SUBSCRIPTION;32.24;08/03/2021;4080.62;4080.62;3471.98035;.850846;31/03/2021;31/03/2021
343;LU1787060471;274380;DECALIA SICAV-CIRCULAR ECONOMY;USD;R;R USD H P;USD;SUBSCRIPTION;47.74;05/03/2021;6010.94;6010.94;5114.385943;.850846;31/03/2021;31/03/2021
343;LU1787060471;274380;DECALIA SICAV-CIRCULAR ECONOMY;USD;R;R USD H P;USD;REDEMPTION;185;05/03/2021;23293.35;23293.35;19819.060216;.850846;31/03/2021;31/03/2021
343;LU1787060471;274380;DECALIA SICAV-CIRCULAR ECONOMY;USD;R;R USD H P;USD;SUBSCRIPTION;586.2;04/03/2021;74857.74;74857.74;63692.42967;.850846;31/03/2021;31/03/2021
343;LU1787060471;274380;DECALIA SICAV-CIRCULAR ECONOMY;USD;R;R USD H P;USD;SUBSCRIPTION;1468.86;03/03/2021;189673.89;189673.89;161383.323877;.850846;31/03/2021;31/03/2021
343;LU1787060471;274380;DECALIA SICAV-CIRCULAR ECONOMY;USD;R;R USD H P;USD;SUBSCRIPTION;53.8;02/03/2021;6975.71;6975.71;5935.25691;.850846;31/03/2021;31/03/2021
343;LU1787060471;274380;DECALIA SICAV-CIRCULAR ECONOMY;USD;R;R USD H P;USD;SUBSCRIPTION;53.71;01/03/2021;6841.04;6841.04;5820.673441;.850846;31/03/2021;31/03/2021
343;LU1787060471;274380;DECALIA SICAV-CIRCULAR ECONOMY;USD;R;R USD H P;USD;REDEMPTION;1192.5;01/03/2021;151888.73;151888.73;129233.961021;.850846;31/03/2021;31/03/2021
343;LU1787060471;274380;DECALIA SICAV-CIRCULAR ECONOMY;USD;R;R USD H P;USD;SUBSCRIPTION;117.81;26/02/2021;15142.12;15142.12;12883.616486;.850846;31/03/2021;31/03/2021
343;LU1787060471;274380;DECALIA SICAV-CIRCULAR ECONOMY;USD;R;R USD H P;USD;REDEMPTION;59.27;25/02/2021;7715.77;7715.77;6564.934208;.850846;31/03/2021;31/03/2021
343;LU1787060471;274380;DECALIA SICAV-CIRCULAR ECONOMY;USD;R;R USD H P;USD;SUBSCRIPTION;258.19;25/02/2021;33611.17;33611.17;28597.938989;.850846;31/03/2021;31/03/2021
343;LU1787060471;274380;DECALIA SICAV-CIRCULAR ECONOMY;USD;R;R USD H P;USD;SUBSCRIPTION;342.46;24/02/2021;44605.43;44605.43;37952.36422;.850846;31/03/2021;31/03/2021
343;LU1787060471;274380;DECALIA SICAV-CIRCULAR ECONOMY;USD;R;R USD H P;USD;REDEMPTION;104.06;24/02/2021;13553.82;13553.82;11532.217338;.850846;31/03/2021;31/03/2021
343;LU1787060471;274380;DECALIA SICAV-CIRCULAR ECONOMY;USD;R;R USD H P;USD;SUBSCRIPTION;72.78;23/02/2021;9512.35;9512.35;8093.547619;.850846;31/03/2021;31/03/2021
343;LU1787060471;274380;DECALIA SICAV-CIRCULAR ECONOMY;USD;R;R USD H P;USD;REDEMPTION;666.79;23/02/2021;87149.45;87149.45;74150.785409;.850846;31/03/2021;31/03/2021
343;LU1787060471;274380;DECALIA SICAV-CIRCULAR ECONOMY;USD;R;R USD H P;USD;SUBSCRIPTION;585;22/02/2021;77296.05;77296.05;65767.056665;.850846;31/03/2021;31/03/2021
343;LU1787060471;274380;DECALIA SICAV-CIRCULAR ECONOMY;USD;R;R USD H P;USD;SUBSCRIPTION;604.65;19/02/2021;79844.04;79844.04;67935.00448;.850846;31/03/2021;31/03/2021
343;LU1787060471;274380;DECALIA SICAV-CIRCULAR ECONOMY;USD;R;R USD H P;USD;REDEMPTION;434.88;19/02/2021;57425.9;57425.9;48860.613438;.850846;31/03/2021;31/03/2021
343;LU1787060471;274380;DECALIA SICAV-CIRCULAR ECONOMY;USD;R;R USD H P;USD;REDEMPTION;348.27;18/02/2021;46135.33;46135.33;39254.073945;.850846;31/03/2021;31/03/2021
343;LU1787060471;274380;DECALIA SICAV-CIRCULAR ECONOMY;USD;R;R USD H P;USD;SUBSCRIPTION;86.77;18/02/2021;11494.42;11494.42;9779.984507;.850846;31/03/2021;31/03/2021
343;LU1787060471;274380;DECALIA SICAV-CIRCULAR ECONOMY;USD;R;R USD H P;USD;REDEMPTION;10.63;17/02/2021;1420.06;1420.06;1208.25277;.850846;31/03/2021;31/03/2021
343;LU1787060471;274380;DECALIA SICAV-CIRCULAR ECONOMY;USD;R;R USD H P;USD;SUBSCRIPTION;235.65;17/02/2021;31480.49;31480.49;26785.057835;.850846;31/03/2021;31/03/2021
343;LU1787060471;274380;DECALIA SICAV-CIRCULAR ECONOMY;USD;R;R USD H P;USD;REDEMPTION;180;16/02/2021;24087.6;24087.6;20494.844874;.850846;31/03/2021;31/03/2021
343;LU1787060471;274380;DECALIA SICAV-CIRCULAR ECONOMY;USD;R;R USD H P;USD;SUBSCRIPTION;616.9;16/02/2021;82553.56;82553.56;70240.389495;.850846;31/03/2021;31/03/2021
343;LU1787060471;274380;DECALIA SICAV-CIRCULAR ECONOMY;USD;R;R USD H P;USD;SUBSCRIPTION;190.27;15/02/2021;25406.76;25406.76;21617.247254;.850846;31/03/2021;31/03/2021
343;LU1787060471;274380;DECALIA SICAV-CIRCULAR ECONOMY;USD;R;R USD H P;USD;REDEMPTION;115.06;15/02/2021;15363.96;15363.96;13072.368225;.850846;31/03/2021;31/03/2021
343;LU1787060471;274380;DECALIA SICAV-CIRCULAR ECONOMY;USD;R;R USD H P;USD;SUBSCRIPTION;47;12/02/2021;6230.32;6230.32;5301.0446;.850846;31/03/2021;31/03/2021
343;LU1787060471;274380;DECALIA SICAV-CIRCULAR ECONOMY;USD;R;R USD H P;USD;SUBSCRIPTION;103.95;11/02/2021;13687.09;13687.09;11645.609622;.850846;31/03/2021;31/03/2021
343;LU1787060471;274380;DECALIA SICAV-CIRCULAR ECONOMY;USD;R;R USD H P;USD;REDEMPTION;3.27;10/02/2021;430.2;430.2;366.03407;.850846;31/03/2021;31/03/2021
343;LU1787060471;274380;DECALIA SICAV-CIRCULAR ECONOMY;USD;R;R USD H P;USD;SUBSCRIPTION;245.71;10/02/2021;32325.61;32325.61;27504.125044;.850846;31/03/2021;31/03/2021
343;LU1787060471;274380;DECALIA SICAV-CIRCULAR ECONOMY;USD;R;R USD H P;USD;SUBSCRIPTION;1100.11;09/02/2021;144521.45;144521.45;122965.538233;.850846;31/03/2021;31/03/2021
343;LU1787060471;274380;DECALIA SICAV-CIRCULAR ECONOMY;USD;R;R USD H P;USD;REDEMPTION;225;09/02/2021;29558.25;29558.25;25149.52708;.850846;31/03/2021;31/03/2021
343;LU1787060471;274380;DECALIA SICAV-CIRCULAR ECONOMY;USD;R;R USD H P;USD;SUBSCRIPTION;667.66;08/02/2021;87109.61;87109.61;74116.887693;.850846;31/03/2021;31/03/2021
343;LU1787060471;274380;DECALIA SICAV-CIRCULAR ECONOMY;USD;R;R USD H P;USD;REDEMPTION;.72;08/02/2021;93.94;93.94;79.9285;.850846;31/03/2021;31/03/2021
343;LU1787060471;274380;DECALIA SICAV-CIRCULAR ECONOMY;USD;R;R USD H P;USD;REDEMPTION;1291.58;05/02/2021;167698.75;167698.75;142685.857737;.850846;31/03/2021;31/03/2021
343;LU1787060471;274380;DECALIA SICAV-CIRCULAR ECONOMY;USD;R;R USD H P;USD;SUBSCRIPTION;373.26;05/02/2021;48464.07;48464.07;41235.473713;.850846;31/03/2021;31/03/2021
343;LU1787060471;274380;DECALIA SICAV-CIRCULAR ECONOMY;USD;R;R USD H P;USD;REDEMPTION;51.78;04/02/2021;6718.46;6718.46;5716.376704;.850846;31/03/2021;31/03/2021
343;LU1787060471;274380;DECALIA SICAV-CIRCULAR ECONOMY;USD;R;R USD H P;USD;SUBSCRIPTION;813.73;04/02/2021;105581.49;105581.49;89833.618091;.850846;31/03/2021;31/03/2021
343;LU1787060471;274380;DECALIA SICAV-CIRCULAR ECONOMY;USD;R;R USD H P;USD;SUBSCRIPTION;110.14;03/02/2021;14262.03;14262.03;12134.795183;.850846;31/03/2021;31/03/2021
343;LU1787060471;274380;DECALIA SICAV-CIRCULAR ECONOMY;USD;R;R USD H P;USD;SUBSCRIPTION;195.37;02/02/2021;25097.23;25097.23;21353.884805;.850846;31/03/2021;31/03/2021
343;LU1787060471;274380;DECALIA SICAV-CIRCULAR ECONOMY;USD;R;R USD H P;USD;REDEMPTION;2.51;02/02/2021;322.43;322.43;274.338366;.850846;31/03/2021;31/03/2021
343;LU1787060471;274380;DECALIA SICAV-CIRCULAR ECONOMY;USD;R;R USD H P;USD;SUBSCRIPTION;38.64;01/02/2021;4903.8;4903.8;4172.379992;.850846;31/03/2021;31/03/2021
343;LU1787060471;274380;DECALIA SICAV-CIRCULAR ECONOMY;USD;R;R USD H P;USD;SUBSCRIPTION;160.06;31/01/2021;20609.32;20609.32;17535.363272;.850846;31/03/2021;31/03/2021
343;LU1787060471;274380;DECALIA SICAV-CIRCULAR ECONOMY;USD;R;R USD H P;USD;REDEMPTION;533.82;31/01/2021;68734.66;68734.66;58482.629825;.850846;31/03/2021;31/03/2021
343;LU1787060471;274380;DECALIA SICAV-CIRCULAR ECONOMY;USD;R;R USD H P;USD;SUBSCRIPTION;23.98;28/01/2021;3066.08;3066.08;2608.762765;.850846;31/03/2021;31/03/2021
343;LU1787060471;274380;DECALIA SICAV-CIRCULAR ECONOMY;USD;R;R USD H P;USD;REDEMPTION;1.69;27/01/2021;220.43;220.43;187.552046;.850846;31/03/2021;31/03/2021
343;LU1787060471;274380;DECALIA SICAV-CIRCULAR ECONOMY;USD;R;R USD H P;USD;SUBSCRIPTION;317.22;27/01/2021;41375.01;41375.01;35203.773378;.850846;31/03/2021;31/03/2021
343;LU1787060471;274380;DECALIA SICAV-CIRCULAR ECONOMY;USD;R;R USD H P;USD;REDEMPTION;34.7;26/01/2021;4511;4511;3838.167573;.850846;31/03/2021;31/03/2021
343;LU1787060471;274380;DECALIA SICAV-CIRCULAR ECONOMY;USD;R;R USD H P;USD;SUBSCRIPTION;213.2;26/01/2021;27716;27716;23582.055519;.850846;31/03/2021;31/03/2021
343;LU1787060471;274380;DECALIA SICAV-CIRCULAR ECONOMY;USD;R;R USD H P;USD;SUBSCRIPTION;1061.85;25/01/2021;138603.28;138603.28;117930.085299;.850846;31/03/2021;31/03/2021
343;LU1787060471;274380;DECALIA SICAV-CIRCULAR ECONOMY;USD;R;R USD H P;USD;REDEMPTION;3325.43;22/01/2021;435332.04;435332.04;370400.64716;.850846;31/03/2021;31/03/2021
343;LU1787060471;274380;DECALIA SICAV-CIRCULAR ECONOMY;USD;R;R USD H P;USD;SUBSCRIPTION;245;22/01/2021;32072.95;32072.95;27289.150223;.850846;31/03/2021;31/03/2021
343;LU1787060471;274380;DECALIA SICAV-CIRCULAR ECONOMY;USD;R;R USD H P;USD;SUBSCRIPTION;598.33;21/01/2021;78117.96;78117.96;66466.375732;.850846;31/03/2021;31/03/2021
343;LU1787060471;274380;DECALIA SICAV-CIRCULAR ECONOMY;USD;R;R USD H P;USD;REDEMPTION;17.96;20/01/2021;2320.07;2320.07;1974.022931;.850846;31/03/2021;31/03/2021
343;LU1787060471;274380;DECALIA SICAV-CIRCULAR ECONOMY;USD;R;R USD H P;USD;SUBSCRIPTION;503.56;20/01/2021;65049.88;65049.88;55347.448466;.850846;31/03/2021;31/03/2021
343;LU1787060471;274380;DECALIA SICAV-CIRCULAR ECONOMY;USD;R;R USD H P;USD;SUBSCRIPTION;415.84;19/01/2021;53605.93;53605.93;45610.406171;.850846;31/03/2021;31/03/2021
343;LU1787060471;274380;DECALIA SICAV-CIRCULAR ECONOMY;USD;R;R USD H P;USD;REDEMPTION;1.29;19/01/2021;166.29;166.29;141.487228;.850846;31/03/2021;31/03/2021
343;LU1787060471;274380;DECALIA SICAV-CIRCULAR ECONOMY;USD;R;R USD H P;USD;REDEMPTION;45.67;18/01/2021;5882.75;5882.75;5005.315959;.850846;31/03/2021;31/03/2021
343;LU1787060471;274380;DECALIA SICAV-CIRCULAR ECONOMY;USD;R;R USD H P;USD;SUBSCRIPTION;5251.64;18/01/2021;676463.75;676463.75;575566.665804;.850846;31/03/2021;31/03/2021
343;LU1787060471;274380;DECALIA SICAV-CIRCULAR ECONOMY;USD;R;R USD H P;USD;SUBSCRIPTION;415;15/01/2021;53891.9;53891.9;45853.722682;.850846;31/03/2021;31/03/2021
343;LU1787060471;274380;DECALIA SICAV-CIRCULAR ECONOMY;USD;R;R USD H P;USD;REDEMPTION;445.17;15/01/2021;57809.77;57809.77;49187.2278;.850846;31/03/2021;31/03/2021
343;LU1787060471;274380;DECALIA SICAV-CIRCULAR ECONOMY;USD;R;R USD H P;USD;SUBSCRIPTION;680.18;14/01/2021;88783.9;88783.9;75541.451113;.850846;31/03/2021;31/03/2021
343;LU1787060471;274380;DECALIA SICAV-CIRCULAR ECONOMY;USD;R;R USD H P;USD;REDEMPTION;979.47;13/01/2021;127742.48;127742.48;108689.214012;.850846;31/03/2021;31/03/2021
343;LU1787060471;274380;DECALIA SICAV-CIRCULAR ECONOMY;USD;R;R USD H P;USD;SUBSCRIPTION;194.36;13/01/2021;25348.43;25348.43;21567.61739;.850846;31/03/2021;31/03/2021
343;LU1787060471;274380;DECALIA SICAV-CIRCULAR ECONOMY;USD;R;R USD H P;USD;SUBSCRIPTION;280.67;12/01/2021;36717.25;36717.25;31240.735605;.850846;31/03/2021;31/03/2021
343;LU1787060471;274380;DECALIA SICAV-CIRCULAR ECONOMY;USD;R;R USD H P;USD;REDEMPTION;195;11/01/2021;25769.25;25769.25;21925.670522;.850846;31/03/2021;31/03/2021
343;LU1787060471;274380;DECALIA SICAV-CIRCULAR ECONOMY;USD;R;R USD H P;USD;SUBSCRIPTION;378.84;11/01/2021;50063.71;50063.71;42596.521458;.850846;31/03/2021;31/03/2021
343;LU1787060471;274380;DECALIA SICAV-CIRCULAR ECONOMY;USD;R;R USD H P;USD;SUBSCRIPTION;1761.46;07/01/2021;229394.94;229394.94;195179.83154;.850846;31/03/2021;31/03/2021
343;LU1787060471;274380;DECALIA SICAV-CIRCULAR ECONOMY;USD;R;R USD H P;USD;REDEMPTION;13.31;06/01/2021;1723.38;1723.38;1466.331463;.850846;31/03/2021;31/03/2021
343;LU1787060471;274380;DECALIA SICAV-CIRCULAR ECONOMY;USD;R;R USD H P;USD;SUBSCRIPTION;19.36;05/01/2021;2502.47;2502.47;2129.217292;.850846;31/03/2021;31/03/2021
343;LU1787060471;274380;DECALIA SICAV-CIRCULAR ECONOMY;USD;R;R USD H P;USD;SUBSCRIPTION;101.61;04/01/2021;13191.01;13191.01;11223.521799;.850846;31/03/2021;31/03/2021
