ID_MAN_CO;FA_NUM;FUND_NAME;RANK;REGISTER_NUMBER;REGISTER_TITLE;AMOUNT_INVESTED;PERCENTAGE_INMATE;INVESTOR_COUNTRY;TNA_FUND;FUND_CCY;DATE_NAV;Reporting Period
343;513381;TARENO FUNDS-DIVERSIFIED INDEX INVESTING EQUITIES-BONDS-REAL ASSETS;1;4;SUBSIDIARY BRANCH OF A RFI;15220563.716759;51.785795%;BELGIUM;29391387.3;EUR;31/03/2021;31/03/2021
343;513381;TARENO FUNDS-DIVERSIFIED INDEX INVESTING EQUITIES-BONDS-REAL ASSETS;2;1769;REGULATED FINANCIAL INSTITUTION;5974262.233048;20.326574%;LUXEMBOURG;29391387.3;EUR;31/03/2021;31/03/2021
343;513381;TARENO FUNDS-DIVERSIFIED INDEX INVESTING EQUITIES-BONDS-REAL ASSETS;3;1358;REGULATED FINANCIAL INSTITUTION;4546956.352851;15.47037%;LUXEMBOURG;29391387.3;EUR;31/03/2021;31/03/2021
343;513381;TARENO FUNDS-DIVERSIFIED INDEX INVESTING EQUITIES-BONDS-REAL ASSETS;4;50;REGULATED FINANCIAL INSTITUTION;1906788.14797;6.487575%;GERMANY;29391387.3;EUR;31/03/2021;31/03/2021
343;513381;TARENO FUNDS-DIVERSIFIED INDEX INVESTING EQUITIES-BONDS-REAL ASSETS;5;20;REGULATED FINANCIAL INSTITUTION;970017.423724;3.300346%;LUXEMBOURG;29391387.3;EUR;31/03/2021;31/03/2021
