ID_MAN_CO;REGISTER_NUMBER;REGISTER_TITLE;AIFMD_CLASSIFICATION;INVESTOR_COUNTRY;INVESTOR_TAX_RESIDENCE;FA_NUMBER;FUND_NAME;FUND_CCY;SHARE_CLASS_CODE;SHARE_CLASS_CCY;ISIN_CODE;QUANTITY;PRICE_PER_SHARE;AMOUNT_SC_CCY;COURS_CHANGE;CLASSIF_TA_RKS;Reporting Period
343;1358;REGULATED FINANCIAL INSTITUTION;Client professionnel;LUXEMBOURG;LUXEMBOURG;513381;TARENO FUNDS-DIVERSIFIED INDEX INVESTING EQUITIES-BONDS-REAL ASSETS;EUR;A;EUR;LU0988536776;31000;146.676011;4546956.352851;1;BANK;31/03/2021
343;167;REGULATED FINANCIAL INSTITUTION;Client professionnel;LUXEMBOURG;LUXEMBOURG;513381;TARENO FUNDS-DIVERSIFIED INDEX INVESTING EQUITIES-BONDS-REAL ASSETS;EUR;A;EUR;LU0988536776;4.7513;146.676011;696.901733;1;BANK;31/03/2021
343;1769;REGULATED FINANCIAL INSTITUTION;Client professionnel;LUXEMBOURG;LUXEMBOURG;513381;TARENO FUNDS-DIVERSIFIED INDEX INVESTING EQUITIES-BONDS-REAL ASSETS;EUR;A;EUR;LU0988536776;40731.011;146.676011;5974262.233048;1;BANK;31/03/2021
343;4;SUBSIDIARY BRANCH OF A RFI;Client de contrepartie �ligible;BELGIUM;BELGIUM;513381;TARENO FUNDS-DIVERSIFIED INDEX INVESTING EQUITIES-BONDS-REAL ASSETS;EUR;A;EUR;LU0988536776;103769.9592;146.676011;15220563.716759;1;OFIN;31/03/2021
343;20;REGULATED FINANCIAL INSTITUTION;Client professionnel;LUXEMBOURG;LUXEMBOURG;513381;TARENO FUNDS-DIVERSIFIED INDEX INVESTING EQUITIES-BONDS-REAL ASSETS;EUR;A;EUR;LU0988536776;6613.3338;146.676011;970017.423724;1;BANK;31/03/2021
343;1260;REGULATED FINANCIAL INSTITUTION;Client professionnel;LUXEMBOURG;LUXEMBOURG;513381;TARENO FUNDS-DIVERSIFIED INDEX INVESTING EQUITIES-BONDS-REAL ASSETS;EUR;A;EUR;LU0988536776;2934;146.676011;430347.417396;1;OFIN;31/03/2021
343;50;REGULATED FINANCIAL INSTITUTION;Client professionnel;GERMANY;GERMANY;513381;TARENO FUNDS-DIVERSIFIED INDEX INVESTING EQUITIES-BONDS-REAL ASSETS;EUR;A;EUR;LU0988536776;13000;146.676011;1906788.14797;1;BANK;31/03/2021
343;16549;REGULATED FINANCIAL INSTITUTION;Client professionnel;BELGIUM;BELGIUM;513381;TARENO FUNDS-DIVERSIFIED INDEX INVESTING EQUITIES-BONDS-REAL ASSETS;EUR;A;EUR;LU0988536776;255;146.676011;37402.382902;1;OFIN;31/03/2021
343;11306;REGULATED FINANCIAL INSTITUTION;Client professionnel;LUXEMBOURG;LUXEMBOURG;513381;TARENO FUNDS-DIVERSIFIED INDEX INVESTING EQUITIES-BONDS-REAL ASSETS;EUR;A;EUR;LU0988536776;675;146.676011;99006.307683;1;BANK;31/03/2021
343;13336;REGULATED FINANCIAL INSTITUTION;Client professionnel;SWITZERLAND;SWITZERLAND;513381;TARENO FUNDS-DIVERSIFIED INDEX INVESTING EQUITIES-BONDS-REAL ASSETS;EUR;A;EUR;LU0988536776;1400;146.676011;205346.415935;1;BANK;31/03/2021
