ID_MAN_CO;FUND_NUMBER;FUND_NAME;FUND_CCY;ACCOUNT_NUMBER;ACCOUNT_NAME;CASH_TYPE;CASH_CURRENCY;CASH_RATE;MATURITY_DATE;AMOUNT_CASH_CCY;AMOUNT_CPT_CCY;AMOUNT_EUR;VALUATION_DATE;EUR_FX_RATE;FX_RATE_DATE;FLAG_FEEDER;Reporting Period
343;513381;TARENO FUNDS-DIVERSIFIED INDEX INVESTING EQUITIES-BONDS-REAL ASSETS;EUR;15000;Current account;Compte courant;EUR;0;;286787.71;286787.71;286787.71;;1;31/03/2021;N;31/03/2021
343;513381;TARENO FUNDS-DIVERSIFIED INDEX INVESTING EQUITIES-BONDS-REAL ASSETS;EUR;15000;Current account;Compte courant;CHF;0;;-162216.39;-146651.66;-146651.662457;;.90405;31/03/2021;N;31/03/2021
343;513381;TARENO FUNDS-DIVERSIFIED INDEX INVESTING EQUITIES-BONDS-REAL ASSETS;EUR;21100;Provision audit fees;Provisions;EUR;0;;-9096.11;-9096.11;-9096.11;;1;31/03/2021;N;31/03/2021
343;513381;TARENO FUNDS-DIVERSIFIED INDEX INVESTING EQUITIES-BONDS-REAL ASSETS;EUR;21102;Prov Audit Annual report;Provisions;EUR;0;;-493.2;-493.2;-493.2;;1;31/03/2021;N;31/03/2021
343;513381;TARENO FUNDS-DIVERSIFIED INDEX INVESTING EQUITIES-BONDS-REAL ASSETS;EUR;21280;Provis/paiemt audit fees ant;Provisions;EUR;0;;4956.08;4956.08;4956.08;;1;31/03/2021;N;31/03/2021
343;513381;TARENO FUNDS-DIVERSIFIED INDEX INVESTING EQUITIES-BONDS-REAL ASSETS;EUR;26200;Other payable;Montant � recevoir;EUR;0;;-2180.08;-2180.08;-2180.08;;1;31/03/2021;N;31/03/2021
343;513381;TARENO FUNDS-DIVERSIFIED INDEX INVESTING EQUITIES-BONDS-REAL ASSETS;EUR;22187;Provision Deposit supervi duty;Provisions;EUR;0;;-220.93;-220.93;-220.93;;1;31/03/2021;N;31/03/2021
343;513381;TARENO FUNDS-DIVERSIFIED INDEX INVESTING EQUITIES-BONDS-REAL ASSETS;EUR;21126;Prov Reporting Publishing fees;Provisions;EUR;0;;-3205.67;-3205.67;-3205.67;;1;31/03/2021;N;31/03/2021
343;513381;TARENO FUNDS-DIVERSIFIED INDEX INVESTING EQUITIES-BONDS-REAL ASSETS;EUR;22100;Provision custody fee;Provisions;EUR;0;;-3494.22;-3494.22;-3494.22;;1;31/03/2021;N;31/03/2021
343;513381;TARENO FUNDS-DIVERSIFIED INDEX INVESTING EQUITIES-BONDS-REAL ASSETS;EUR;22111;Provision Domiciliation fees;Provisions;EUR;0;;-441.83;-441.83;-441.83;;1;31/03/2021;N;31/03/2021
343;513381;TARENO FUNDS-DIVERSIFIED INDEX INVESTING EQUITIES-BONDS-REAL ASSETS;EUR;22120;Provision administration fee;Provisions;EUR;0;;-6289.52;-6289.52;-6289.52;;1;31/03/2021;N;31/03/2021
343;513381;TARENO FUNDS-DIVERSIFIED INDEX INVESTING EQUITIES-BONDS-REAL ASSETS;EUR;22160;Provision Management Company;Provisions;EUR;0;;-3494.22;-3494.22;-3494.22;;1;31/03/2021;N;31/03/2021
343;513381;TARENO FUNDS-DIVERSIFIED INDEX INVESTING EQUITIES-BONDS-REAL ASSETS;EUR;22207;Provision Mgt classe A;Provisions;EUR;0;;-19676.51;-19676.51;-19676.51;;1;31/03/2021;N;31/03/2021
343;513381;TARENO FUNDS-DIVERSIFIED INDEX INVESTING EQUITIES-BONDS-REAL ASSETS;EUR;23100;Provis. taxe d'abonnemt 0.05 %;Provisions;EUR;0;;-3621.04;-3621.04;-3621.04;;1;31/03/2021;N;31/03/2021
343;513381;TARENO FUNDS-DIVERSIFIED INDEX INVESTING EQUITIES-BONDS-REAL ASSETS;EUR;22773;Provision Mgt fees I2U;Provisions;EUR;0;;-493.2;-493.2;-493.2;;1;31/03/2021;N;31/03/2021
343;513381;TARENO FUNDS-DIVERSIFIED INDEX INVESTING EQUITIES-BONDS-REAL ASSETS;EUR;22772;Provision Mgt fees I2P;Provisions;EUR;0;;-44.16;-44.16;-44.16;;1;31/03/2021;N;31/03/2021
