PUID;ISIN_CODE;BLOOMBERG_TICKER;TELEKURS_CODE;INSTRUMENT_NAME;CLASSIF_1_GRINFIN;CLASSIF_2_ASSETGROUP;CLASSIF_3_ASSET_PICTET_TYPE;CLASSIF_3_SFI_TYPE;ISSUER_CODE;ISSUER_NAME;INSTRUMENT_CCY;INTERNAL_MARKET_CODE;MIC_MARKET_CODE;MARKET_PLACE_NAME;COUNTRY_CODE;COUNTRY_NAME;ECONOMICAL_SECTOR_CODE;ECONOMICAL_SECTOR_NAME;GEOGRAPHICAL_SECTOR_CODE;GEOGRAPHICAL_SECTOR_NAME;MATURITY_DATE;TYPE_STRIKE;STRIKE_VALUE;CONTRACT_SIZE;CONVERSION_RATIO;RATING_SP;RATING_MOODYS;RATING_FITCH;IS_CDS_PROTECTION_BUYER;IS_CDS_PROTECTION_SELLER;YIELD_RATE;MATURITY_RATE;COUPON_RATE;COUPON_FREQUENCY;COUPON_AMOUNT;DURATION;MODIFIED_DURATION;NEXT_COUPON_DATE;SETTLEMENT_TYPE;IMPLIED_VOLATILITY;DELTA;GAMMA;VEGA;OPTION_TYPE;OPTION_STYLE;CALL_VALUE;PUT_VALUE;CALL_DATE;PUT_DATE;CREDIT_SPREAD;EQUITY_DELTA;CS01;DV01;SETTLEMENT_DELAY;SETTLEMENT_DATE;NAV_FREQUENCY;SEDOL_CODE;CUSIP;COTATION_PLACE_CODE;UNDERLYING_ISIN_CODE;UNDERLYING_INSTRUMENT_NAME;Reporting Period
05PIB274704;XC0009655157;GOLDLNPM Index;000274704000;GOLD 1 OZ FIXING LONDON PM;mo;comdty;precmet_novat;sfi_atyp_401;998754;PREC METAL & STONES;USD;EUX;XEUR;Eurex;ND;UNDEFINED;26;PRECIOUS METAL & STONES;;;;;0;;1;;;;;;;;;;;;;;;;;;;;;;;;;;;;;;;;;;254;;;31/03/2021
05PIB274704USDLU;XC0009655157;GOLDLNPM Index;000274704000;GOLD 1 OZ FIXING LONDON PM;mo;comdty;precmet_novat;sfi_atyp_401;998754;PREC METAL & STONES;USD;EUX;XEUR;Eurex;ND;UNDEFINED;26;PRECIOUS METAL & STONES;;;;;;;1;;;;;;;;;;;;;;;;;;;;;;;;;;;;;;;;;;254;;;31/03/2021
05AIM003Z3ZEURLU;IE00B66F4759;IHYG LN Equity;011729717000;ISHARES-EURO H/Y CORPORATE BOND ETF;bfd;fund;bond_fd;sfi_atyp_551;999237;ISHS HY CORP BD;EUR;ESBE;;;IE;IRELAND;900;UCITS;;;;;;1;1;;;;;;;;;;;;;;;;;;;;;;;;;;;;;;;;B66F475;;361;;;31/03/2021
05AIM003OWWEURLU;IE00B3VWMM18;CSEMUS SW Equity;010192176000;ISHARES VII-MSCI EMU SMALL CAP EUR;efd;fund;share_fd;sfi_atyp_551;182871;ISHS MSCI EMU;EUR;MCI;MTAA;Italie Mercato Continuo;IE;IRELAND;900;UCITS;;;;;;1;1;;;;;;;;;;;;;;;;;;;;;;;;;;;;;;;;B3VWMM1;;004;;;31/03/2021
05AIM001G9NUSDLU;JE00B1VS3770;PHAU LN Equity;003068233000;ETFS METALS SEC. GOLD -ETC- PERP.;ms5;struct;sp_met;sfi_atyp_131;991691;WISDOMTREE METAL SECURITIES LTD��;USD;FWTAT;;;JE;JERSEY;84;HOLDING & FINANCIAL TRUST;;;;;;1;1;;;;;;;;;;;;;;;;;;;;;;;;;;;;;;;;B1VS377;;361;XC0009655157;GOLD 1 OZ FIXING LONDON PM;31/03/2021
05AIM005F00USDLU;IE00B5M4WH52;IEML LN Equity;013167739000;ISH.III-JPM EM L.GVT BD ETF USD-INC;bfd;fund;bond_fd;sfi_atyp_551;173706;ISHS JPM EM BD;USD;LSS;;;IE;IRELAND;900;UCITS;;;;;;1;1;;;;;;;;;;;;;;;;;;;;;;;;;;;;;;;;B5M4WH5;;046;;;31/03/2021
05AIM005LNPUSDLU;IE00B4NCWG09;ISLN LN Equity;012881547000;SILVER(ISHARES PH.MET.)-ETC-11/PERP;cs5;struct;sp_met;sfi_atyp_127;179922;ISHARES PHYSICAL METALS;USD;SSJ;;;IE;IRELAND;82;MORTGAGE & FUNDING INSTITUTIONS;;;;;;1;1;;;;;;;;;;;;;;;;;;;;;;;;;;;;;;;;B4NCWG0;;361;;;31/03/2021
05AIM005LPNEURLU;IE00B2PC0716;DEMGTVB ID Equity;012181828000;DIMENSIONAL-GLOB.TARG.VAL.EUR-ACC.-;efd;fund;share_fd;sfi_atyp_602;200960;DIMEN GLB TARG;EUR;ISE;XDUB;Irish Stock Exchange;IE;IRELAND;900;UCITS;;;;;;1;1;;;;;;;;;;;;;;;;;;;;;;;;;;;;;;;;B2PC071;;331;;;31/03/2021
05AIM0063L2EURLU;IE00B4L5ZY03;;010608592000;ISHARES III EUR.COR.BD EX-F.1-5 ETF;bfd;fund;bond_fd;sfi_atyp_551;175838;ISHS EUR CRP BD;EUR;ESBE;;;IE;IRELAND;900;UCITS;;;;;;1;1;;;;;;;;;;;;;;;;;;;;;;;;;;;;;;;;B4L5ZY0;;830;;;31/03/2021
05AIM006EISUSDLU;IE00B74DQ490;HYLD LN Equity;020026095000;ISHARES-GLOBAL H/Y CORP.BD USD-INC-;bfd;fund;bond_fd;sfi_atyp_551;175135;ISHS GL CO BN;USD;ESBE;;;IE;IRELAND;900;UCITS;;;;;;1;1;;;;;;;;;;;;;;;;;;;;;;;;;;;;;;;;B81BLN7;;361;;;31/03/2021
05AIM006Q6QUSDLU;IE00B7J7TB45;CORP LN Equity;019067319000;ISHARES-GLOBAL CORP.BOND ETF USD;bfd;fund;bond_fd;sfi_atyp_551;200971;ISHS GL CORP BD;USD;MBN;;;IE;IRELAND;900;UCITS;;;;;;1;1;;;;;;;;;;;;;;;;;;;;;;;;;;;;;;;;B83XJ48;;361;;;31/03/2021
05AIM007042GBPLU;IE00B95PGT31;VDJP LN Equity;020974096000;VANGUARD-FTSE JAPAN UCITS USD ETF;efd;fund;share_fd;sfi_atyp_551;188277;VAN FTSE JAP;GBP;LON;XLON;London Stock Exchange (LSE);IE;IRELAND;900;UCITS;;;;;;1;1;;;;;;;;;;;;;;;;;;;;;;;;;;;;;;;;B9L8M65;;361;;;31/03/2021
05AIM0072CQUSDLU;IE00B6R52143;ISAG LN Equity;013936193000;ISHARES V-AGRIBUSINESS ETF USD;cfd;fund;metcom_fd;sfi_atyp_551;200970;ISHS AGRIBUSIN;USD;EPU;;;IE;IRELAND;900;UCITS;;;;;;1;1;;;;;;;;;;;;;;;;;;;;;;;;;;;;;;;;B6R5214;;361;;;31/03/2021
05AIM007ICJGBPLU;IE00B9F5YL18;VAPX LN Equity;020974082000;VANGUARD-FTSE DE.ASIA PA.EX JAP.ETF;efd;fund;share_fd;sfi_atyp_551;184080;VAN FTSE DV AS;GBP;MBN;;;IE;IRELAND;900;UCITS;;;;;;1;1;;;;;;;;;;;;;;;;;;;;;;;;;;;;;;;;B9MSLC3;;361;;;31/03/2021
05AIM007ZTYUSDLU;IE00BCRY5Y77;SDIG LN Equity;022593004000;ISHARES IV SH./DUR.CORP.BD ETF USD;bfd;fund;bond_fd;sfi_atyp_551;188267;ISHS USD DUR BD;USD;LON;XLON;London Stock Exchange (LSE);IE;IRELAND;900;UCITS;;;;;;1;1;;;;;;;;;;;;;;;;;;;;;;;;;;;;;;;;BCRY5Y7;;361;;;31/03/2021
05AIM008P88USDLU;IE00B6QGFW01;IGEA LN Equity;018127378000;ISHARES III-EMG ASIA LOCAL GOV.BD;bfd;fund;bond_fd;sfi_atyp_551;200965;ISHS EM ASI LOC;USD;P00099;;;IE;IRELAND;900;UCITS;;;;;;1;1;;;;;;;;;;;;;;;;;;;;;;;;;;;;;;;;B6QGFW0;;361;;;31/03/2021
05AIM00A3L8USDLU;IE00B4LHWP62;IPLT LN Equity;012881555000;PLATINUM(ISHARES PHYS)-ETC-11/PERP;ms5;struct;sp_met;sfi_atyp_131;179922;ISHARES PHYSICAL METALS;USD;LSS;;;IE;IRELAND;82;MORTGAGE & FUNDING INSTITUTIONS;;;;;;1;1;;;;;;;;;;;;;;;;;;;;;;;;;;;;;;;;B4LHWP6;;361;;;31/03/2021
05AIM00BL3HEURLU;IE0034140511;DIMPBSB ID Equity;001958979000;DIMENSIONAL-PACIFIC BASIN SM.CO.EUR;efd;fund;share_fd;sfi_atyp_602;200957;DIM PAC BAS SML;EUR;ISE;XDUB;Irish Stock Exchange;IE;IRELAND;900;UCITS;;;;;;1;1;;;;;;;;;;;;;;;;;;;;;;;;;;;;;;;;3429345;;271;;;31/03/2021
05NEX0027D1USDLU;IE00B4556L06;IPDM LN Equity;012881557000;PALLADIUM (ISHARES) -ETC- 11/PERP;ms5;struct;sp_met;sfi_atyp_131;179922;ISHARES PHYSICAL METALS;USD;P00099;;;IE;IRELAND;82;MORTGAGE & FUNDING INSTITUTIONS;;;;;;1;1;;;;;;;;;;;;;;;;;;;;;;;;;;;;;;;;B4556L0;;361;;;31/03/2021
05NEX0029BRGBPLU;IE00B23D8S39;PSRF LN Equity;003550169000;INVESCO MKTSIII-FT.RAFI US 1000 ETF;efd;fund;share_fd;sfi_atyp_551;200968;INVESCO MARKETS III PLC - INVESCO F;GBP;LON;XLON;London Stock Exchange (LSE);IE;IRELAND;900;UCITS;;;;;;1;1;;;;;;;;;;;;;;;;;;;;;;;;;;;;;;;;B23D8S3;;361;;;31/03/2021
05PIB986495USDLU;IE0002639668;VANUIVI ID Equity;000986495000;VANGUARD IS-US 500 ST.IDX INV.USD;efd;fund;share_fd;sfi_atyp_602;979430;VAN US 500 ST;USD;EPU;;;IE;IRELAND;900;UCITS;;;;;;1;1;;;;;;;;;;;;;;;;;;;;;;;;;;;;;;;;0945253;;331;;;31/03/2021
05PIBB29169EURLU;IE0007987708;VANEINI ID Equity;001129169000;VANGUARD IS-EURO.STOCK IND.EUR INST;efd;fund;share_fd;sfi_atyp_602;993851;VAN EU STCK IND;EUR;ISE;XDUB;Irish Stock Exchange;IE;IRELAND;900;UCITS;;;;;;1;1;;;;;;;;;;;;;;;;;;;;;;;;;;;;;;;;0945963;;331;;;31/03/2021
05PIBN08782EURLU;IE00B0M63953;IEER EU Equity;002308782000;ISHARES-MSCI EASTERN EUROPE CAPPED;efd;fund;share_fd;sfi_atyp_551;989224;ISHS MSCI EA EU;EUR;ESBE;;;IE;IRELAND;900;UCITS;;;;;;1;1;;;;;;;;;;;;;;;;;;;;;;;;;;;;;;;;B0M6395;;004;;;31/03/2021
05PIBS58517USDLU;IE00B1FZS244;IASP LN Equity;002758517000;ISHARES II-ASIA PROPERTY YIELD USD;efd;fund;share_fd;sfi_atyp_551;990373;ISHS ASIA PR YI;USD;LON;XLON;London Stock Exchange (LSE);IE;IRELAND;900;UCITS;;;;;;1;1;;;;;;;;;;;;;;;;;;;;;;;;;;;;;;;;B1G5328;;361;;;31/03/2021
05AIM0019AYEURLU;IE00B0HCGV10;DIMEMVB ID Equity;002310169000;DIMENSIONAL-EMERG.MKTS VAL.EUR-ACC-;efd;fund;share_fd;sfi_atyp_602;172136;DIMEN EM MA VAL;EUR;ISE;XDUB;Irish Stock Exchange;IE;IRELAND;900;UCITS;;;;;;1;1;;;;;;;;;;;;;;;;;;;;;;;;;;;;;;;;B0M8KL2;;331;;;31/03/2021
05AIM0019AZEURLU;IE0032768974;DIMUSCB ID Equity;001856337000;DIMENSIONAL-US SMALL COMPA.EUR ACC.;efd;fund;share_fd;sfi_atyp_602;200956;DIMEN US SML CO;EUR;ISE;XDUB;Irish Stock Exchange;IE;IRELAND;900;UCITS;;;;;;1;1;;;;;;;;;;;;;;;;;;;;;;;;;;;;;;;;B0107L8;;271;;;31/03/2021
05AIM001CETEURLU;IE00B27YCK28;;003477137000;ISHARES II-MSCI EM LATIN AMERIC.USD;efd;fund;share_fd;sfi_atyp_551;992028;ISHS MSCI EM LA;EUR;ETR;XETR;Xetra Francfort;IE;IRELAND;900;UCITS;;;;;;1;1;;;;;;;;;;;;;;;;;;;;;;;;;;;;;;;;B27YCK2;;046;;;31/03/2021
05AIM001NICUSDLU;IE00B1FZSF77;IUSP LN Equity;002778490000;ISHARES II-US PROPERTY YIELD USD;efd;fund;share_fd;sfi_atyp_551;996382;ISHS US PRO YI;USD;LSS;;;IE;IRELAND;900;UCITS;;;;;;1;1;;;;;;;;;;;;;;;;;;;;;;;;;;;;;;;;B1G5340;;004;;;31/03/2021
05AIM001QJSEURLU;IE00B1W6CW87;DIEURVB ID Equity;002238739000;DIMENSIONAL-EUROPEAN VALUE EUR-ACC.;efd;fund;share_fd;sfi_atyp_602;200958;DIMENS EUROPN V;EUR;ISE;XDUB;Irish Stock Exchange;IE;IRELAND;900;UCITS;;;;;;1;1;;;;;;;;;;;;;;;;;;;;;;;;;;;;;;;;B24HDB2;;271;;;31/03/2021
05AIM002H0EUSDLU;IE00B3F81G20;SEMS LN Equity;010012776000;ISH.III-MSCI EM.MAR.SM.CAP(USD);efd;fund;share_fd;sfi_atyp_551;994232;ISHS MSCI EM MK;USD;ESBE;;;IE;IRELAND;900;UCITS;;;;;;1;1;;;;;;;;;;;;;;;;;;;;;;;;;;;;;;;;B3F81G2;;361;;;31/03/2021
05AIM003OSQEURLU;IE00B4L5ZG21;IEXF LN Equity;010608422000;ISHARES III-EURO CORP.BD EX-FIN.EUR;bfd;fund;bond_fd;sfi_atyp_551;185008;ISHS EUR CRP BD;EUR;P00334;;;IE;IRELAND;900;UCITS;;;;;;1;1;;;;;;;;;;;;;;;;;;;;;;;;;;;;;;;;B7047K9;;830;;;31/03/2021
05AIM004BK7EURLU;IE00B1W6DP85;DEMKTVB ID Equity;004246245000;DIMENSIONAL II-EM.TARG.VAL.EUR-ACC-;efd;fund;share_fd;sfi_atyp_602;200959;DIM II EM MK TG;EUR;ISE;XDUB;Irish Stock Exchange;IE;IRELAND;900;UCITS;;;;;;1;1;;;;;;;;;;;;;;;;;;;;;;;;;;;;;;;;B1W6DP8;;331;;;31/03/2021
05AIM004RGFEURLU;DE000A0Q4R44;SREEEX GT Equity;012981044000;ISHARES STOX.EUR.600 REAL.EST.PART.;efd;fund;share_fd;sfi_atyp_551;171206;ISHSEU600REST;EUR;LSD;;;DE;GERMANY;900;UCITS;;;;;;1;1;;;;;;;;;;;;;;;;;;;;;;;;;;;;;;;;B6191M6;;830;;;31/03/2021
05AIM004YODUSDLU;IE00B52XQP83;IRSA LN Equity;010954785000;ISHARES III-MSCI SOUTH AFRICA USD;efd;fund;share_fd;sfi_atyp_551;200969;ISHS MSCI SO AF;USD;LON;XLON;London Stock Exchange (LSE);IE;IRELAND;900;UCITS;;;;;;1;1;;;;;;;;;;;;;;;;;;;;;;;;;;;;;;;;B52XQP8;;719;;;31/03/2021
05AIM0052U5CHFLU;IE00B3WGLP80;DFAGSB3 ID Equity;010143782000;DIMENSIONAL-GLOB.SH.FIX.INC.CHF-INC;bfd;fund;bond_fd;sfi_atyp_601;200963;DIM GLB SHT FIX;CHF;ISE;XDUB;Irish Stock Exchange;IE;IRELAND;900;UCITS;;;;;;1;1;;;;;;;;;;;;;;;;;;;;;;;;;;;;;;;;B3WGLP8;;272;;;31/03/2021
05AIM005WSIGBPLU;IE00B6R51Z18;SPOG LN Equity;013936008000;ISHARES V-OIL&GAS EXPLOR.&PROD.USD;efd;fund;share_fd;sfi_atyp_551;186061;ISHS OIL & GAS;GBP;ETR;XETR;Xetra Francfort;IE;IRELAND;900;UCITS;;;;;;1;1;;;;;;;;;;;;;;;;;;;;;;;;;;;;;;;;BVG2R38;;361;;;31/03/2021
