ID_MAN_CO;ISIN_CODE;FUND_NUMBER;FUND_NAME;FUND_CCY;SHARECLASS_CODE;SHARECLASS_NAME;SHARECLASS_CCY;FREQUENCY_CALCULATION;DATE_NAV;TNA_FUND;QTY_SHARECLASS;PRICE_SHARECLASS_CCY;TNA_SHARECLASS;PRICE_FUND_CCY;TER;GROSS_PERFORMANCE;NET_PERFORMANCE;Reporting Period
343;LU0988536776;513381;TARENO FUNDS-DIVERSIFIED INDEX INVESTING EQUITIES-BONDS-REAL ASSETS;EUR;A;A EUR;EUR;JOURNALIER;31/12/2020;27184690.12;200733.0553;135.43;27184690.12;135.43;1.294791;0;0;31/03/2021
343;LU0988536776;513381;TARENO FUNDS-DIVERSIFIED INDEX INVESTING EQUITIES-BONDS-REAL ASSETS;EUR;A;A EUR;EUR;JOURNALIER;31/01/2021;27255357.68;200733.0553;135.78;27255357.68;135.78;1.190112;.258436;-4.314945;31/03/2021
343;LU0988536776;513381;TARENO FUNDS-DIVERSIFIED INDEX INVESTING EQUITIES-BONDS-REAL ASSETS;EUR;A;A EUR;EUR;JOURNALIER;28/02/2021;28025258.63;200508.0553;139.77;28025258.63;139.77;1.192731;2.938577;3.061674;31/03/2021
343;LU0988536776;513381;TARENO FUNDS-DIVERSIFIED INDEX INVESTING EQUITIES-BONDS-REAL ASSETS;EUR;A;A EUR;EUR;JOURNALIER;31/03/2021;29391387.3;200383.0553;146.68;29391387.3;146.68;1.192731;4.943836;4.943836;31/03/2021
