ID_MAN_CO;FUND_NUMBER;FUND_NAME;FUND_CCY;INSTRUMENT_ID;ISIN_CODE;TELEKURS_CODE;BLOOMBERG_CODE;ISSUER_CODE;ISSUER_NAME;GRINFIN;ASSET_GROUP;ASSET_PICTET_TYPE;SFI_TYPE;STRIKE;CONTRACT_SIZE;SECURITY_NAME;SECURITY_CCY;COUNTRY_CODE;COUNTRY_NAME;ECONOMIC_SECTOR_CODE;ECONOMIC_SECTOR_NAME;MATURITY_DATE;MKT_CODE;MIC_CODE;RATING_SP;RATING_MOODYS;RATING_FITCH;CUSTODIAN_CODE;CUSTODIAN_NAME;UNDERLYING_INSTR_ID;UNDERLYING_ISIN_CODE;UNDERLYING_TELEKURS_CODE;UNDERLYING_BLOOMBERG_CODE;UNDERLYING_MKT_CODE;UNDERLYING_MIC_CODE;UNDERLYING_GRINFIN;UNDERLYING_ASSET_GROUP;UNDERLYING_ASSET_PICTET_TYPE;UNDERLYING_SFI_TYPE;UNDERLYING_NAME;UNDERLYING_CCY;UNDERLYING_DATE_MATURITY;UNDERLYING_ISSUER;UNDERLYING_ISSUER_NAME;UNDERLYING_COUNTRY_CODE;UNDERLYING_COUNTRY_NAME;UNDERLYING_ECO_SECTOR_CODE;UNDERLYING_ECO_SECTOR_NAME;UNDERLYING_RATING_SP;UNDERLYING_RATING_MOODYS;UNDERLYING_RATING_FITCH;UNDERLYING_PRICE;QUANTITY;MARKET_PRICE;CALCUL_TYPE;MARKET_VALUE;MARKET_VALUE_FUND_CCY;FX_RATE_INV_FUND;FX_RATE_INV_EUR;DATE_VALORISATION;FLAG_FEEDER;ACCRUED_INTEREST;ACCRUED_INTEREST_FUND_CCY;ACCRUED_INTEREST_EUR;Reporting Period
343;513381;TARENO FUNDS-DIVERSIFIED INDEX INVESTING EQUITIES-BONDS-REAL ASSETS;EUR;05PIBN08782EURLU;IE00B0M63953;002308782000;IEER EU Equity;989224;ISHS MSCI EA EU;efd;fund;share_fd;sfi_atyp_551;;1;ISHARES-MSCI EASTERN EUROPE CAPPED;EUR;IE;IRELAND;900;UCITS;;ESBE;;;;;OPJ;;;;;;;;;;;;;;;;;;;;;;;;;37000;20.42;1;755540;755540;1;1;31/03/2021;N;0;0;0;31/03/2021
343;513381;TARENO FUNDS-DIVERSIFIED INDEX INVESTING EQUITIES-BONDS-REAL ASSETS;EUR;05PIBS58517USDLU;IE00B1FZS244;002758517000;IASP LN Equity;990373;ISHS ASIA PR YI;efd;fund;share_fd;sfi_atyp_551;;1;ISHARES II-ASIA PROPERTY YIELD USD;USD;IE;IRELAND;900;UCITS;;LON;XLON;;;;OPJ;;;;;;;;;;;;;;;;;;;;;;;;;31500;27.685;1;872077.5;742003.9;.850846;1;31/03/2021;N;0;0;0;31/03/2021
343;513381;TARENO FUNDS-DIVERSIFIED INDEX INVESTING EQUITIES-BONDS-REAL ASSETS;EUR;05AIM0019AYEURLU;IE00B0HCGV10;002310169000;DIMEMVB ID Equity;172136;DIMEN EM MA VAL;efd;fund;share_fd;sfi_atyp_602;;1;DIMENSIONAL-EMERG.MKTS VAL.EUR-ACC-;EUR;IE;IRELAND;900;UCITS;;ISE;XDUB;;;;2Z8;;;;;;;;;;;;;;;;;;;;;;;;;64875.897;24.48;1;1588161.96;1588161.96;1;1;31/03/2021;N;0;0;0;31/03/2021
343;513381;TARENO FUNDS-DIVERSIFIED INDEX INVESTING EQUITIES-BONDS-REAL ASSETS;EUR;05AIM0019AZEURLU;IE0032768974;001856337000;DIMUSCB ID Equity;200956;DIMEN US SML CO;efd;fund;share_fd;sfi_atyp_602;;1;DIMENSIONAL-US SMALL COMPA.EUR ACC.;EUR;IE;IRELAND;900;UCITS;;ISE;XDUB;;;;2Z8;;;;;;;;;;;;;;;;;;;;;;;;;16442.168;43.55;1;716056.42;716056.42;1;1;31/03/2021;N;0;0;0;31/03/2021
343;513381;TARENO FUNDS-DIVERSIFIED INDEX INVESTING EQUITIES-BONDS-REAL ASSETS;EUR;05AIM001CETEURLU;IE00B27YCK28;003477137000;;992028;ISHS MSCI EM LA;efd;fund;share_fd;sfi_atyp_551;;1;ISHARES II-MSCI EM LATIN AMERIC.USD;EUR;IE;IRELAND;900;UCITS;;ETR;XETR;;;;OPJ;;;;;;;;;;;;;;;;;;;;;;;;;53000;12.562;1;665786;665786;1;1;31/03/2021;N;0;0;0;31/03/2021
343;513381;TARENO FUNDS-DIVERSIFIED INDEX INVESTING EQUITIES-BONDS-REAL ASSETS;EUR;05AIM001NICUSDLU;IE00B1FZSF77;002778490000;IUSP LN Equity;996382;ISHS US PRO YI;efd;fund;share_fd;sfi_atyp_551;;1;ISHARES II-US PROPERTY YIELD USD;USD;IE;IRELAND;900;UCITS;;LSS;;;;;OPJ;;;;;;;;;;;;;;;;;;;;;;;;;31500;29.06;1;915390;778856.18;.850846;1;31/03/2021;N;0;0;0;31/03/2021
343;513381;TARENO FUNDS-DIVERSIFIED INDEX INVESTING EQUITIES-BONDS-REAL ASSETS;EUR;05AIM001QJSEURLU;IE00B1W6CW87;002238739000;DIEURVB ID Equity;200958;DIMENS EUROPN V;efd;fund;share_fd;sfi_atyp_602;;1;DIMENSIONAL-EUROPEAN VALUE EUR-ACC.;EUR;IE;IRELAND;900;UCITS;;ISE;XDUB;;;;2Z8;;;;;;;;;;;;;;;;;;;;;;;;;88780.385;13.33;1;1183442.53;1183442.53;1;1;31/03/2021;N;0;0;0;31/03/2021
343;513381;TARENO FUNDS-DIVERSIFIED INDEX INVESTING EQUITIES-BONDS-REAL ASSETS;EUR;05AIM002H0EUSDLU;IE00B3F81G20;010012776000;SEMS LN Equity;994232;ISHS MSCI EM MK;efd;fund;share_fd;sfi_atyp_551;;1;ISH.III-MSCI EM.MAR.SM.CAP(USD);USD;IE;IRELAND;900;UCITS;;ESBE;;;;;OJT;;;;;;;;;;;;;;;;;;;;;;;;;16900;83.315;1;1408023.5;1198011.56;.850846;1;31/03/2021;N;0;0;0;31/03/2021
343;513381;TARENO FUNDS-DIVERSIFIED INDEX INVESTING EQUITIES-BONDS-REAL ASSETS;EUR;05AIM003OSQEURLU;IE00B4L5ZG21;010608422000;IEXF LN Equity;185008;ISHS EUR CRP BD;bfd;fund;bond_fd;sfi_atyp_551;;1;ISHARES III-EURO CORP.BD EX-FIN.EUR;EUR;IE;IRELAND;900;UCITS;;P00334;;;;;OPJ;;;;;;;;;;;;;;;;;;;;;;;;;6000;121.285;1;727710;727710;1;1;31/03/2021;N;0;0;0;31/03/2021
343;513381;TARENO FUNDS-DIVERSIFIED INDEX INVESTING EQUITIES-BONDS-REAL ASSETS;EUR;05AIM004BK7EURLU;IE00B1W6DP85;004246245000;DEMKTVB ID Equity;200959;DIM II EM MK TG;efd;fund;share_fd;sfi_atyp_602;;1;DIMENSIONAL II-EM.TARG.VAL.EUR-ACC-;EUR;IE;IRELAND;900;UCITS;;ISE;XDUB;;;;2Z8;;;;;;;;;;;;;;;;;;;;;;;;;70880.601;21.39;1;1516136.06;1516136.06;1;1;31/03/2021;N;0;0;0;31/03/2021
343;513381;TARENO FUNDS-DIVERSIFIED INDEX INVESTING EQUITIES-BONDS-REAL ASSETS;EUR;05AIM004RGFEURLU;DE000A0Q4R44;012981044000;SREEEX GT Equity;171206;ISHSEU600REST;efd;fund;share_fd;sfi_atyp_551;;1;ISHARES STOX.EUR.600 REAL.EST.PART.;EUR;DE;GERMANY;900;UCITS;;LSD;;;;;0OD;;;;;;;;;;;;;;;;;;;;;;;;;37000;17.432;1;644984;644984;1;1;31/03/2021;N;0;0;0;31/03/2021
343;513381;TARENO FUNDS-DIVERSIFIED INDEX INVESTING EQUITIES-BONDS-REAL ASSETS;EUR;05AIM004YODUSDLU;IE00B52XQP83;010954785000;IRSA LN Equity;200969;ISHS MSCI SO AF;efd;fund;share_fd;sfi_atyp_551;;1;ISHARES III-MSCI SOUTH AFRICA USD;USD;IE;IRELAND;900;UCITS;;LON;XLON;;;;OPJ;;;;;;;;;;;;;;;;;;;;;;;;;13300;35.26;1;468958;399011.17;.850846;1;31/03/2021;N;0;0;0;31/03/2021
343;513381;TARENO FUNDS-DIVERSIFIED INDEX INVESTING EQUITIES-BONDS-REAL ASSETS;EUR;05AIM0052U5CHFLU;IE00B3WGLP80;010143782000;DFAGSB3 ID Equity;200963;DIM GLB SHT FIX;bfd;fund;bond_fd;sfi_atyp_601;;1;DIMENSIONAL-GLOB.SH.FIX.INC.CHF-INC;CHF;IE;IRELAND;900;UCITS;;ISE;XDUB;;;;2Z8;;;;;;;;;;;;;;;;;;;;;;;;;146224.876;10.04;1;1468097.76;1327233.19;.90405;1;31/03/2021;N;0;0;0;31/03/2021
343;513381;TARENO FUNDS-DIVERSIFIED INDEX INVESTING EQUITIES-BONDS-REAL ASSETS;EUR;05AIM005WSIGBPLU;IE00B6R51Z18;013936008000;SPOG LN Equity;186061;ISHS OIL & GAS;efd;fund;share_fd;sfi_atyp_551;;1;ISHARES V-OIL&GAS EXPLOR.&PROD.USD;GBP;IE;IRELAND;900;UCITS;;ETR;XETR;;;;OPJ;;;;;;;;;;;;;;;;;;;;;;;;;59400;10.3475;1;614641.5;721535.65;1.173913;1;31/03/2021;N;0;0;0;31/03/2021
343;513381;TARENO FUNDS-DIVERSIFIED INDEX INVESTING EQUITIES-BONDS-REAL ASSETS;EUR;05AIM003Z3ZEURLU;IE00B66F4759;011729717000;IHYG LN Equity;999237;ISHS HY CORP BD;bfd;fund;bond_fd;sfi_atyp_551;;1;ISHARES-EURO H/Y CORPORATE BOND ETF;EUR;IE;IRELAND;900;UCITS;;ESBE;;;;;OPJ;;;;;;;;;;;;;;;;;;;;;;;;;6200;102.34;1;634508;634508;1;1;31/03/2021;N;0;0;0;31/03/2021
343;513381;TARENO FUNDS-DIVERSIFIED INDEX INVESTING EQUITIES-BONDS-REAL ASSETS;EUR;05AIM003OWWEURLU;IE00B3VWMM18;010192176000;CSEMUS SW Equity;182871;ISHS MSCI EMU;efd;fund;share_fd;sfi_atyp_551;;1;ISHARES VII-MSCI EMU SMALL CAP EUR;EUR;IE;IRELAND;900;UCITS;;MCI;MTAA;;;;OJT;;;;;;;;;;;;;;;;;;;;;;;;;4700;254.5;1;1196150;1196150;1;1;31/03/2021;N;0;0;0;31/03/2021
343;513381;TARENO FUNDS-DIVERSIFIED INDEX INVESTING EQUITIES-BONDS-REAL ASSETS;EUR;05AIM001G9NUSDLU;JE00B1VS3770;003068233000;PHAU LN Equity;991691;WISDOMTREE METAL SECURITIES LTD��;ms5;struct;sp_met;sfi_atyp_131;;1;ETFS METALS SEC. GOLD -ETC- PERP.;USD;JE;JERSEY;84;HOLDING & FINANCIAL TRUST;;FWTAT;;;;;OUR;;05PIB274704;XC0009655157;000274704000;GOLDLNPM Index;EUX;XEUR;mo;comdty;precmet_novat;sfi_atyp_401;GOLD 1 OZ FIXING LONDON PM;USD;;998754;PREC METAL & STONES;ND;UNDEFINED;26;PRECIOUS METAL & STONES;;;;1703.02;9200;161.42;1;1485064;1263561.18;.850846;1;31/03/2021;N;0;0;0;31/03/2021
343;513381;TARENO FUNDS-DIVERSIFIED INDEX INVESTING EQUITIES-BONDS-REAL ASSETS;EUR;05AIM005F00USDLU;IE00B5M4WH52;013167739000;IEML LN Equity;173706;ISHS JPM EM BD;bfd;fund;bond_fd;sfi_atyp_551;;1;ISH.III-JPM EM L.GVT BD ETF USD-INC;USD;IE;IRELAND;900;UCITS;;LSS;;;;;OPJ;;;;;;;;;;;;;;;;;;;;;;;;;13700;54.86;1;751582;639480.75;.850846;1;31/03/2021;N;0;0;0;31/03/2021
343;513381;TARENO FUNDS-DIVERSIFIED INDEX INVESTING EQUITIES-BONDS-REAL ASSETS;EUR;05AIM005LNPUSDLU;IE00B4NCWG09;012881547000;ISLN LN Equity;179922;ISHARES PHYSICAL METALS;cs5;struct;sp_met;sfi_atyp_127;;1;SILVER(ISHARES PH.MET.)-ETC-11/PERP;USD;IE;IRELAND;82;MORTGAGE & FUNDING INSTITUTIONS;;SSJ;;;;;OPJ;;;;;;;;;;;;;;;;;;;;;;;;;35000;23.34625;1;817118.75;695242.45;.850846;1;31/03/2021;N;0;0;0;31/03/2021
343;513381;TARENO FUNDS-DIVERSIFIED INDEX INVESTING EQUITIES-BONDS-REAL ASSETS;EUR;05AIM005LPNEURLU;IE00B2PC0716;012181828000;DEMGTVB ID Equity;200960;DIMEN GLB TARG;efd;fund;share_fd;sfi_atyp_602;;1;DIMENSIONAL-GLOB.TARG.VAL.EUR-ACC.-;EUR;IE;IRELAND;900;UCITS;;ISE;XDUB;;;;2Z8;;;;;;;;;;;;;;;;;;;;;;;;;57733.217;27.49;1;1587086.14;1587086.14;1;1;31/03/2021;N;0;0;0;31/03/2021
343;513381;TARENO FUNDS-DIVERSIFIED INDEX INVESTING EQUITIES-BONDS-REAL ASSETS;EUR;05AIM0063L2EURLU;IE00B4L5ZY03;010608592000;;175838;ISHS EUR CRP BD;bfd;fund;bond_fd;sfi_atyp_551;;1;ISHARES III EUR.COR.BD EX-F.1-5 ETF;EUR;IE;IRELAND;900;UCITS;;ESBE;;;;;OPJ;;;;;;;;;;;;;;;;;;;;;;;;;6000;111.13;1;666780;666780;1;1;31/03/2021;N;0;0;0;31/03/2021
343;513381;TARENO FUNDS-DIVERSIFIED INDEX INVESTING EQUITIES-BONDS-REAL ASSETS;EUR;05AIM006EISUSDLU;IE00B74DQ490;020026095000;HYLD LN Equity;175135;ISHS GL CO BN;bfd;fund;bond_fd;sfi_atyp_551;;1;ISHARES-GLOBAL H/Y CORP.BD USD-INC-;USD;IE;IRELAND;900;UCITS;;ESBE;;;;;OPJ;;;;;;;;;;;;;;;;;;;;;;;;;8000;96.73;1;773840;658418.89;.850846;1;31/03/2021;N;0;0;0;31/03/2021
343;513381;TARENO FUNDS-DIVERSIFIED INDEX INVESTING EQUITIES-BONDS-REAL ASSETS;EUR;05AIM006Q6QUSDLU;IE00B7J7TB45;019067319000;CORP LN Equity;200971;ISHS GL CORP BD;bfd;fund;bond_fd;sfi_atyp_551;;1;ISHARES-GLOBAL CORP.BOND ETF USD;USD;IE;IRELAND;900;UCITS;;MBN;;;;;OPJ;;;;;;;;;;;;;;;;;;;;;;;;;7750;103.78;1;804295;684331.41;.850846;1;31/03/2021;N;0;0;0;31/03/2021
343;513381;TARENO FUNDS-DIVERSIFIED INDEX INVESTING EQUITIES-BONDS-REAL ASSETS;EUR;05AIM007042GBPLU;IE00B95PGT31;020974096000;VDJP LN Equity;188277;VAN FTSE JAP;efd;fund;share_fd;sfi_atyp_551;;1;VANGUARD-FTSE JAPAN UCITS USD ETF;GBP;IE;IRELAND;900;UCITS;;LON;XLON;;;;OPJ;;;;;;;;;;;;;;;;;;;;;;;;;19200;26.3675;1;506256;594300.5;1.173913;1;31/03/2021;N;0;0;0;31/03/2021
343;513381;TARENO FUNDS-DIVERSIFIED INDEX INVESTING EQUITIES-BONDS-REAL ASSETS;EUR;05AIM0072CQUSDLU;IE00B6R52143;013936193000;ISAG LN Equity;200970;ISHS AGRIBUSIN;cfd;fund;metcom_fd;sfi_atyp_551;;1;ISHARES V-AGRIBUSINESS ETF USD;USD;IE;IRELAND;900;UCITS;;EPU;;;;;OPJ;;;;;;;;;;;;;;;;;;;;;;;;;21000;45.91;1;964110;820309.41;.850846;1;31/03/2021;N;0;0;0;31/03/2021
343;513381;TARENO FUNDS-DIVERSIFIED INDEX INVESTING EQUITIES-BONDS-REAL ASSETS;EUR;05AIM007ICJGBPLU;IE00B9F5YL18;020974082000;VAPX LN Equity;184080;VAN FTSE DV AS;efd;fund;share_fd;sfi_atyp_551;;1;VANGUARD-FTSE DE.ASIA PA.EX JAP.ETF;GBP;IE;IRELAND;900;UCITS;;MBN;;;;;OPJ;;;;;;;;;;;;;;;;;;;;;;;;;29500;22.46;1;662570;777799.54;1.173913;1;31/03/2021;N;0;0;0;31/03/2021
343;513381;TARENO FUNDS-DIVERSIFIED INDEX INVESTING EQUITIES-BONDS-REAL ASSETS;EUR;05AIM007ZTYUSDLU;IE00BCRY5Y77;022593004000;SDIG LN Equity;188267;ISHS USD DUR BD;bfd;fund;bond_fd;sfi_atyp_551;;1;ISHARES IV SH./DUR.CORP.BD ETF USD;USD;IE;IRELAND;900;UCITS;;LON;XLON;;;;OPJ;;;;;;;;;;;;;;;;;;;;;;;;;7100;103.845;1;737299.5;627328.54;.850846;1;31/03/2021;N;0;0;0;31/03/2021
343;513381;TARENO FUNDS-DIVERSIFIED INDEX INVESTING EQUITIES-BONDS-REAL ASSETS;EUR;05AIM008P88USDLU;IE00B6QGFW01;018127378000;IGEA LN Equity;200965;ISHS EM ASI LOC;bfd;fund;bond_fd;sfi_atyp_551;;1;ISHARES III-EMG ASIA LOCAL GOV.BD;USD;IE;IRELAND;900;UCITS;;P00099;;;;;OPJ;;;;;;;;;;;;;;;;;;;;;;;;;7700;95.735;1;737159.5;627209.42;.850846;1;31/03/2021;N;0;0;0;31/03/2021
343;513381;TARENO FUNDS-DIVERSIFIED INDEX INVESTING EQUITIES-BONDS-REAL ASSETS;EUR;05AIM00A3L8USDLU;IE00B4LHWP62;012881555000;IPLT LN Equity;179922;ISHARES PHYSICAL METALS;ms5;struct;sp_met;sfi_atyp_131;;1;PLATINUM(ISHARES PHYS)-ETC-11/PERP;USD;IE;IRELAND;82;MORTGAGE & FUNDING INSTITUTIONS;;LSS;;;;;OPJ;;;;;;;;;;;;;;;;;;;;;;;;;56700;17.1388;1;971769.96;826826.86;.850846;1;31/03/2021;N;0;0;0;31/03/2021
343;513381;TARENO FUNDS-DIVERSIFIED INDEX INVESTING EQUITIES-BONDS-REAL ASSETS;EUR;05AIM00BL3HEURLU;IE0034140511;001958979000;DIMPBSB ID Equity;200957;DIM PAC BAS SML;efd;fund;share_fd;sfi_atyp_602;;1;DIMENSIONAL-PACIFIC BASIN SM.CO.EUR;EUR;IE;IRELAND;900;UCITS;;ISE;XDUB;;;;2Z8;;;;;;;;;;;;;;;;;;;;;;;;;30868.795;28.8;1;889021.3;889021.3;1;1;31/03/2021;N;0;0;0;31/03/2021
343;513381;TARENO FUNDS-DIVERSIFIED INDEX INVESTING EQUITIES-BONDS-REAL ASSETS;EUR;05NEX0027D1USDLU;IE00B4556L06;012881557000;IPDM LN Equity;179922;ISHARES PHYSICAL METALS;ms5;struct;sp_met;sfi_atyp_131;;1;PALLADIUM (ISHARES) -ETC- 11/PERP;USD;IE;IRELAND;82;MORTGAGE & FUNDING INSTITUTIONS;;P00099;;;;;OPJ;;;;;;;;;;;;;;;;;;;;;;;;;12800;75.71;1;969088;824544.92;.850846;1;31/03/2021;N;0;0;0;31/03/2021
343;513381;TARENO FUNDS-DIVERSIFIED INDEX INVESTING EQUITIES-BONDS-REAL ASSETS;EUR;05NEX0029BRGBPLU;IE00B23D8S39;003550169000;PSRF LN Equity;200968;INVESCO MARKETS III PLC - INVESCO F;efd;fund;share_fd;sfi_atyp_551;;1;INVESCO MKTSIII-FT.RAFI US 1000 ETF;GBP;IE;IRELAND;900;UCITS;;LON;XLON;;;;OPJ;;;;;;;;;;;;;;;;;;;;;;;;;33000;18.27;1;602910;707763.89;1.173913;1;31/03/2021;N;0;0;0;31/03/2021
343;513381;TARENO FUNDS-DIVERSIFIED INDEX INVESTING EQUITIES-BONDS-REAL ASSETS;EUR;05PIB986495USDLU;IE0002639668;000986495000;VANUIVI ID Equity;979430;VAN US 500 ST;efd;fund;share_fd;sfi_atyp_602;;1;VANGUARD IS-US 500 ST.IDX INV.USD;USD;IE;IRELAND;900;UCITS;;EPU;;;;;2VU;;;;;;;;;;;;;;;;;;;;;;;;;18685.3;45.2159;1;844872.66;718856.76;.850846;1;31/03/2021;N;0;0;0;31/03/2021
343;513381;TARENO FUNDS-DIVERSIFIED INDEX INVESTING EQUITIES-BONDS-REAL ASSETS;EUR;05PIBB29169EURLU;IE0007987708;001129169000;VANEINI ID Equity;993851;VAN EU STCK IND;efd;fund;share_fd;sfi_atyp_602;;1;VANGUARD IS-EURO.STOCK IND.EUR INST;EUR;IE;IRELAND;900;UCITS;;ISE;XDUB;;;;2VU;;;;;;;;;;;;;;;;;;;;;;;;;37433.18;23.9108;1;895057.28;895057.28;1;1;31/03/2021;N;0;0;0;31/03/2021
