ID_MAN_CO;FUND_NUMBER;FUND_NAME;FUND_CCY;ISIN;SECURITY_NAME;TYPE_INSTR;INSTRUMENT_CCY;INSTRUMENT_PRICE;INSTRUMENT_PRICE_EUR;PRICE_DATE;FX_RATE;TRANSACTION_TYPE;EXECUTION_DATE;TRANSACTION_CCY;QUANTITY;AMOUNT_TRANSACTION_CCY;AMOUNT_FUND_CCY;AMOUNT_TRANSACTION_EUR;FX_RATE_EUR;FX_RATE_DATE;MATURITY_DATE;MIC_CODE;TRANSACTION_PRICE;UNREALIZED_PNL;CANCEL_ANULATION;FLAG_FEEDER;Reporting Period
343;513381;TARENO FUNDS-DIVERSIFIED INDEX INVESTING EQUITIES-BONDS-REAL ASSETS;EUR;IE00B4L5ZY03;ISHARES III EUR.COR.BD EX-F.1-5 ETF;fund;EUR;111.135;111.135;04/02/2021;1;Purchase on stock market ~;04/02/2021;EUR;500;55567.5;55567.5;55567.5;1;31/03/2021;;;111.135;;20;N;31/03/2021
343;513381;TARENO FUNDS-DIVERSIFIED INDEX INVESTING EQUITIES-BONDS-REAL ASSETS;EUR;IE00B7J7TB45;ISHARES-GLOBAL CORP.BOND ETF USD;fund;USD;107.59;91.542521;04/02/2021;1.19785;Purchase on stock market ~;04/02/2021;EUR;1100;118349;98945.66;118349;1;31/03/2021;;;107.59;;20;N;31/03/2021
343;513381;TARENO FUNDS-DIVERSIFIED INDEX INVESTING EQUITIES-BONDS-REAL ASSETS;EUR;IE00B1W6CW87;DIMENSIONAL-EUROPEAN VALUE EUR-ACC.;fund;EUR;12;12;04/02/2021;1;Sale on stock market ~;05/02/2021;EUR;8333.333;100000;100000;100000;1;31/03/2021;;;12;;20;N;31/03/2021
343;513381;TARENO FUNDS-DIVERSIFIED INDEX INVESTING EQUITIES-BONDS-REAL ASSETS;EUR;IE00B3WGLP80;DIMENSIONAL-GLOB.SH.FIX.INC.CHF-INC;fund;CHF;10.07;9.103784;04/02/2021;1.082896;Purchase on stock market ~;05/02/2021;CHF;16087.388;162000;149728.55;146456.1;.90405;31/03/2021;;;10.07;;20;N;31/03/2021
343;513381;TARENO FUNDS-DIVERSIFIED INDEX INVESTING EQUITIES-BONDS-REAL ASSETS;EUR;IE00B2PC0716;DIMENSIONAL-GLOB.TARG.VAL.EUR-ACC.-;fund;EUR;24.69;24.69;04/02/2021;1;Sale on stock market ~;05/02/2021;EUR;8100.446;200000.01;200000.01;200000.01;1;31/03/2021;;;24.69;;20;N;31/03/2021
343;513381;TARENO FUNDS-DIVERSIFIED INDEX INVESTING EQUITIES-BONDS-REAL ASSETS;EUR;IE00B4556L06;PALLADIUM (ISHARES) -ETC- 11/PERP;struct;USD;65.34;55.594278;04/02/2021;1.19785;Purchase on stock market ~;04/02/2021;EUR;1800;117612;98329.49;117612;1;31/03/2021;;;65.34;;20;N;31/03/2021
343;513381;TARENO FUNDS-DIVERSIFIED INDEX INVESTING EQUITIES-BONDS-REAL ASSETS;EUR;IE00B4L5ZG21;ISHARES III-EURO CORP.BD EX-FIN.EUR;fund;EUR;120.88056;120.88056;30/03/2021;1;Purchase on stock market ~;30/03/2021;EUR;1000;120880.56;120880.56;120880.56;1;31/03/2021;;;120.88056;;20;N;31/03/2021
343;513381;TARENO FUNDS-DIVERSIFIED INDEX INVESTING EQUITIES-BONDS-REAL ASSETS;EUR;IE00B6R51Z18;ISHARES V-OIL&GAS EXPLOR.&PROD.USD;fund;GBP;10.370036;12.17352;30/03/2021;.855304;Sale on stock market ~;30/03/2021;EUR;12600;130662.45;152967.44;130662.45;1;31/03/2021;;;10.370036;;20;N;31/03/2021
343;513381;TARENO FUNDS-DIVERSIFIED INDEX INVESTING EQUITIES-BONDS-REAL ASSETS;EUR;;;;;;;08/01/2021;0;Purchase spot contract ~;08/01/2021;;0;2172.84;2172.84;;;31/03/2021;;;;;20;N;31/03/2021
343;513381;TARENO FUNDS-DIVERSIFIED INDEX INVESTING EQUITIES-BONDS-REAL ASSETS;EUR;JE00B1VS3770;ETFS METALS SEC. GOLD -ETC- PERP.;struct;USD;171.6709;146.065499;04/02/2021;1.19785;Purchase on stock market ~;04/02/2021;EUR;700;120169.63;100467.79;120169.63;1;31/03/2021;;;171.6709;;20;N;31/03/2021
343;513381;TARENO FUNDS-DIVERSIFIED INDEX INVESTING EQUITIES-BONDS-REAL ASSETS;EUR;;;;;;;08/01/2021;0;Purchase spot contract ~;08/01/2021;;0;2172.84;2172.84;;;31/03/2021;;;;;30;N;31/03/2021
343;513381;TARENO FUNDS-DIVERSIFIED INDEX INVESTING EQUITIES-BONDS-REAL ASSETS;EUR;IE0032768974;DIMENSIONAL-US SMALL COMPA.EUR ACC.;fund;EUR;39.929999;39.929999;04/02/2021;1;Sale on stock market ~;05/02/2021;EUR;2504.383;100000.01;100000.01;100000.01;1;31/03/2021;;;39.929999;;20;N;31/03/2021
343;513381;TARENO FUNDS-DIVERSIFIED INDEX INVESTING EQUITIES-BONDS-REAL ASSETS;EUR;IE00B1W6DP85;DIMENSIONAL II-EM.TARG.VAL.EUR-ACC-;fund;EUR;19.85;19.85;04/02/2021;1;Sale on stock market ~;05/02/2021;EUR;7556.675;150000;150000;150000;1;31/03/2021;;;19.85;;20;N;31/03/2021
